Date,Mkt-RF,SMB,HML,RMW,CMA,RF,cdd_18-France,cdd_18-Germany,cdd_18-India,cdd_18-Indonesia,cdd_18-Italy,cdd_18-Japan,cdd_18-Korea,cdd_18-China,cdd_21-France,cdd_21-Germany,cdd_21-India,cdd_21-Indonesia,cdd_21-Italy,cdd_21-Japan,cdd_21-Korea,cdd_21-China,irradiance-France,irradiance-Germany,irradiance-India,irradiance-Indonesia,irradiance-Italy,irradiance-Japan,irradiance-Korea,irradiance-China,hdd_16-France,hdd_16-Germany,hdd_16-India,hdd_16-Indonesia,hdd_16-Italy,hdd_16-Japan,hdd_16-Korea,hdd_16-China,hdd_18-France,hdd_18-Germany,hdd_18-India,hdd_18-Indonesia,hdd_18-Italy,hdd_18-Japan,hdd_18-Korea,hdd_18-China,heat-France,heat-Germany,heat-India,heat-Indonesia,heat-Italy,heat-Japan,heat-Korea,heat-China,humidity-France,humidity-Germany,humidity-India,humidity-Indonesia,humidity-Italy,humidity-Japan,humidity-Korea,humidity-China,temperature-France,temperature-Germany,temperature-India,temperature-Indonesia,temperature-Italy,temperature-Japan,temperature-Korea,temperature-China,precipitation-France,precipitation-Germany,precipitation-India,precipitation-Indonesia,precipitation-Italy,precipitation-Japan,precipitation-Korea,precipitation-China,ret_Fund,ret_AAPL,ret_APTV,ret_BAC,ret_BALL,ret_BEP,ret_BKNG,ret_BMRN,ret_COST,ret_CVS,ret_DE,ret_ETN,ret_GOOGL,ret_HD,ret_HIG,ret_MS,ret_MSFT,ret_PLD,ret_TT,ret_UNH,ret_V
2015-09-30,-0.0306999999999999,-0.0279999999999999,0.0056,0.018,-0.006,0.0,7.588,1.484,313.4,233.8,81.38,111.6,96.93,132.0,1.01,0.1795,224.3,144.5,32.92,39.11,21.21,63.79,595016,454590,751717,900685,668373,598795,708438,686356,50.13,88.53,0.8674,0.09984,11.23,1.601,0.02743,10.42,98.08,144.5,1.347,0.2719,24.14,5.106,0.5775,18.34,14.98,13.23,32.19,26.77,19.95,21.59,21.21,22.26,72.67,78.51,73.67,77.65,69.0,78.55,73.17,65.83,14.82,13.16,26.75,25.91,19.81,20.9,20.93,14.63,0.1192,0.09975,0.2071,0.1374,0.1198,0.2913,0.125,0.1217,,,,,,,,,,,,,,,,,,,,,
2015-10-31,0.0775,-0.0204999999999999,-0.0046,0.0086,0.0055,0.0,0.5981,0.0,280.1,263.1,12.73,19.86,3.788,53.37,0.03122,0.0,189.2,170.7,1.192,3.042,0.002604,18.27,370602,263670,761333,925781,422257,571452,604365,607801,142.9,224.0,2.382,0.09008,61.16,31.19,48.38,62.39,202.4,285.9,3.172,0.2535,103.7,58.67,90.51,88.66,11.49,8.776,28.67,27.79,15.07,16.75,15.2,16.9,80.37,85.83,65.83,78.2,79.28,68.35,67.5,56.24,11.41,8.623,25.38,26.25,15.22,16.07,15.81,8.714,0.08802,0.07489,0.07536,0.1607,0.2171,0.1174,0.05756,0.0639,0.0,0.0,0.0,0.0,0.0,0.0,0.0,0.0,0.0,0.0,0.0,0.0,0.0,0.0,0.0,0.0,0.0,0.0,0.0,0.0,0.0
2015-11-30,0.0056,0.0329,-0.0042,-0.0271,-0.0103,0.0,0.01212,0.0,169.6,256.0,0.1996,4.601,0.07547,20.02,0.0,0.0,87.44,166.5,8.938e-05,1.131,0.0,8.553,238439,152927,645899,781616,348156,328415,300127,420273,170.6,242.4,4.465,0.06405,150.8,101.2,176.8,213.4,229.5,302.2,5.973,0.2026,207.6,151.2,235.8,262.0,10.35,7.927,23.69,28.35,11.09,13.11,10.14,9.937,81.92,84.76,66.03,83.37,76.84,76.4,77.68,65.28,10.09,7.664,21.92,26.35,11.54,12.59,11.07,1.479,0.09623,0.1448,0.07633,0.3763,0.07189,0.2381,0.174,0.06285,0.0529000000000001,0.0771203353973959,0.1591864678050347,0.1187420190604033,0.118190076382,-0.0715090862067142,0.0096938945202977,-0.0944739553463098,0.119438431527693,-0.0214629597051925,0.0752706076308498,0.1448201370229875,0.1949966557086573,0.1592347203299837,0.0015620408041945,0.0939805097434733,0.2362477859071143,0.098971763229249,0.1556034552690586,-0.0284460260640707,0.136261829476624
2015-12-31,-0.0217,-0.0297,-0.0260999999999999,0.0045,0.0003,0.0001,0.0,0.0,88.83,250.7,0.0,1.01,0.0,2.178,0.0,0.0,41.9,158.2,0.0,0.2454,0.0,0.3676,186503,101925,631104,742925,272674,306925,322167,378805,223.4,280.9,22.11,0.04742,261.4,249.1,396.8,359.5,285.4,342.9,42.5,0.176,323.4,310.2,458.8,418.8,8.794,6.939,19.59,27.67,7.568,8.027,3.2,4.56,83.28,85.73,63.89,84.34,79.26,71.06,68.42,64.08,8.458,6.646,18.22,26.37,8.221,7.676,4.881,-4.948,0.04115,0.05815,0.0328,0.3791,0.01067,0.1822,0.07142,0.04159,-0.0127267546775572,-0.1102283307082747,-0.0244650167731116,-0.0317048704282815,0.0476806721466398,0.0430274131062633,0.0208992081484342,0.0984586255554549,0.0004951152195977,0.0391109773024167,-0.0340398056175244,-0.1052267637293452,0.01987282909557,-0.0078028781395703,-0.0477650170784127,-0.0725949891892062,0.0207912796154969,0.0136323046188444,-0.0526474608076253,0.0482488376237892,-0.0184790095370198
2016-01-31,-0.0576999999999999,-0.0348,0.0209,0.0279999999999999,0.0306999999999999,0.0001,0.0,0.0,72.22,260.8,0.0,0.5277,0.0,1.298,0.0,0.0,31.1,168.3,0.0,0.07347,0.0,0.09393,174894,119693,688158,764756,280749,337978,375998,430104,309.2,439.9,25.84,0.05464,293.5,356.9,535.1,454.3,371.2,501.9,48.33,0.1956,355.5,418.3,597.1,514.2,6.026,1.809,18.83,28.45,6.532,4.522,-1.262,1.456,84.34,87.3,63.1,84.11,75.79,69.95,62.32,61.12,5.961,1.156,17.67,26.48,7.05,4.07,0.4863,-7.99,0.1704,0.1144,0.01849,0.3654,0.09046,0.1833,0.04826,0.04482,0.0,0.0,0.0,0.0,0.0,0.0,0.0,0.0,0.0,0.0,0.0,0.0,0.0,0.0,0.0,0.0,0.0,0.0,0.0,0.0,0.0
2016-02-29,-0.0007,0.0085,-0.0056999999999999,0.0327999999999999,0.0199,0.0002,0.0,0.0,142.2,230.0,0.001568,0.2581,0.0,1.427,0.0,0.0,76.64,143.5,0.0,0.02841,0.0,0.281,287464,218573,800170,727909,383432,471975,537543,600721,281.3,358.1,7.96,0.05095,206.2,310.5,419.0,328.8,339.3,416.1,14.52,0.1868,264.1,368.0,477.0,385.0,6.301,3.65,22.66,27.28,8.895,5.318,1.553,4.772,79.92,82.7,56.95,85.04,77.64,67.78,59.25,53.65,6.135,3.415,21.04,26.25,9.073,4.497,2.572,-4.059,0.1659,0.1338,0.02711,0.4768,0.1825,0.1623,0.06912,0.02719,-0.0712842712842712,-0.0764329553605596,-0.2183430407965476,-0.2560902107493407,-0.0875971199204012,0.0171403037043125,-0.0076395079080731,-0.2184994169805586,-0.0685034656567744,-0.0016733576418302,0.0512652024655895,0.089738291114092,-0.0781352705600462,-0.0614741851381261,-0.0308329238141608,-0.2189181890579219,-0.0763282821623404,-0.1039144007609549,0.0048834389804606,0.0124106559836543,-0.0646961466336975
2016-03-31,0.0696,0.0108,0.0118999999999999,0.0076,-0.0004,0.0002,1.638e-05,0.0,273.0,265.9,0.009454,0.5811,0.0,6.299,0.0,0.0,182.9,173.3,0.0,0.0369,0.0,0.8952,507975,389635,925492,766560,603927,661441,726608,749519,282.0,361.6,4.21,0.04121,202.0,225.2,272.1,175.5,344.0,423.6,5.309,0.1703,263.7,286.4,334.1,228.1,6.904,4.336,27.43,28.95,9.495,8.782,7.223,10.84,74.87,79.7,53.23,84.73,73.37,67.69,63.52,51.26,6.677,4.128,25.02,26.68,9.195,7.948,7.364,3.413,0.1203,0.07464,0.04338,0.4144,0.1316,0.1365,0.06294,0.05438,0.0663973482494302,0.1272104300756031,0.1250750409301195,0.0839810714224269,0.0764005872110182,0.1435661341091525,0.0187715879049843,0.0074508438974862,0.0503236663214921,0.0675106854292679,-0.0325449350794349,0.1141152654813297,0.0636903709556666,0.0809193000273995,0.0993096059308427,0.0125508418430944,0.0854953562935649,0.1602326234741784,0.1223694601513125,0.086750067880251,0.0564999067811491
2016-04-30,0.0091,0.0121999999999999,0.0327999999999999,-0.0292,0.0186,0.0001,0.0,0.0,397.5,261.5,1.27,3.318,1.337,45.67,0.0,0.0,308.8,172.0,0.04883,0.5668,0.0,15.23,708048,663360,1012114,739234,829808,715781,786873,855911,182.7,232.3,2.415,0.03717,65.5,69.2,73.07,45.1,242.5,292.3,3.088,0.156,119.3,117.9,129.4,71.64,9.916,8.256,32.76,29.3,14.06,14.18,13.73,17.16,73.12,71.96,47.25,84.68,70.62,73.24,69.67,53.16,9.698,8.005,29.12,26.77,13.63,12.83,13.09,9.689,0.1229,0.09787,0.0633,0.4392,0.07919,0.2378,0.2127,0.1119,0.0,0.0,0.0,0.0,0.0,0.0,0.0,0.0,0.0,0.0,0.0,0.0,0.0,0.0,0.0,0.0,0.0,0.0,0.0,0.0,0.0
2016-05-31,0.0178,-0.0062,-0.0166,-0.0107,-0.0249,0.0001,1.84,4.753,415.4,271.7,13.82,50.31,41.46,106.9,0.01765,0.06671,323.5,179.2,1.473,9.129,5.899,49.18,795218,799566,985527,703589,929292,838727,916346,917160,73.47,83.66,1.205,0.03983,32.35,10.44,8.235,15.88,125.0,129.8,1.728,0.1648,70.22,24.46,26.23,28.79,14.03,13.97,34.3,29.42,16.18,18.84,18.49,20.84,73.63,68.91,55.14,84.75,71.46,73.96,69.77,55.31,13.61,13.79,29.92,26.85,15.67,17.52,17.59,13.69,0.1703,0.1072,0.1072,0.3719,0.1363,0.2202,0.1606,0.1343,0.0032054395337541,-0.0781903416724909,-0.0903644932665798,0.093934889690268,0.0160067437148865,-0.0213014857601318,-0.0191084328677659,0.0869301391504195,-0.0531157264136016,-0.066347075607111,0.068839998926159,-0.0059128928647735,-0.0184165521357454,-0.0046905945736559,-0.0151553998509701,0.1003529825226534,-0.0336644451959257,0.0758261927438115,0.0774069128782084,0.0370054565327078,0.0339930233171168
2016-06-30,-0.0005,0.0044,-0.0148,0.0139,0.0191,0.0002,28.57,24.36,379.1,244.8,90.56,110.5,131.6,199.7,8.181,6.682,289.9,155.4,32.61,40.38,47.82,119.8,788700,793165,801374,669695,999503,721808,810130,931816,17.01,15.23,0.4475,0.0793,4.449,4.093,0.001445,2.255,47.54,48.83,0.7275,0.2407,11.01,8.633,0.1143,4.595,17.37,17.19,35.54,27.86,20.69,21.45,22.38,25.81,77.86,76.08,67.52,83.68,72.16,82.44,79.31,61.42,17.07,17.08,29.13,26.26,20.12,20.01,21.39,18.4,0.1225,0.1622,0.2665,0.3312,0.11,0.3449,0.1544,0.1764,0.0091982958946552,-0.0426597880867238,-0.0788698765527097,-0.0997285740539711,-0.0001383928781879,0.031866755876083,-0.0125915879780921,-0.1321806834626813,0.0555892851108161,-0.0073612473355946,-0.0078019982270127,-0.0308292156411084,-0.0605195323599508,-0.0335301249182478,-0.0174895991135801,-0.0507854604737295,-0.0345285371763532,0.0406240016114796,-0.0421941231386296,0.0611432972243175,-0.0604258330861527
2016-07-31,0.0395,0.0249,-0.0127,0.0125,-0.0118999999999999,0.0002,79.82,54.61,312.3,246.1,192.2,218.9,229.2,279.6,27.84,11.99,219.9,153.8,105.6,130.5,136.4,190.2,929609,786878,571787,695617,1035700,773821,725005,880823,4.358,7.89,0.2411,0.1144,1.312,0.289,0.0,1.198,15.67,24.46,0.4304,0.311,2.88,1.11,0.00475,2.09,20.08,18.97,32.61,27.31,24.25,25.95,26.53,30.22,68.36,71.98,80.98,83.34,65.87,83.05,85.11,65.88,19.81,18.72,26.76,25.96,23.45,23.66,24.81,20.75,0.05329,0.1097,0.4671,0.3152,0.06727,0.2547,0.3062,0.1893,0.0,0.0,0.0,0.0,0.0,0.0,0.0,0.0,0.0,0.0,0.0,0.0,0.0,0.0,0.0,0.0,0.0,0.0,0.0,0.0,0.0
2016-08-31,0.0049,0.017,0.0313,-0.0187999999999999,-0.0034,0.0002,86.21,40.14,312.5,245.7,161.1,268.3,273.7,264.1,32.98,12.57,220.2,153.4,76.09,176.2,184.2,176.5,852563,700950,616280,781831,921884,792073,817409,808957,2.941,11.83,0.3063,0.09918,1.507,0.0122,0.007209,1.361,11.81,34.57,0.5619,0.2769,3.292,0.1158,0.1295,2.817,20.41,18.18,32.53,27.31,23.11,28.57,29.69,29.45,65.13,71.75,80.78,81.34,67.15,79.46,77.27,68.22,20.09,17.89,26.57,26.16,22.58,25.53,26.45,19.94,0.04032,0.07203,0.3541,0.2147,0.07587,0.2482,0.09227,0.1621,0.0572771754773098,0.1158446318243207,0.1337159009462745,0.2219379467287174,0.0972558383104975,0.0238172449642526,0.1348274538658791,0.2068122841484527,0.0349318198879267,-0.0201420596691916,0.0433118055260133,0.1240224713620559,0.1226956089092783,0.055742876405344,-0.0697403305266414,0.2425278891841491,0.1299224855898484,0.0829937044906141,0.0676823211237929,-0.036473215472392,0.0926306006106694
2016-09-30,0.0025,0.0186,-0.0123,-0.0223,0.0003,0.0002,44.74,29.63,293.0,241.4,84.02,170.3,123.2,149.4,13.41,6.123,203.9,152.0,29.45,89.35,44.68,80.71,609134,540317,657415,770582,676157,539123,562446,697748,10.69,21.45,0.5218,0.09472,4.856,0.9764,0.03788,8.323,33.3,50.31,0.9041,0.2658,12.96,3.065,0.6032,15.68,18.38,17.31,31.46,27.49,20.37,23.94,22.09,22.96,70.38,71.94,78.24,83.27,71.87,82.85,80.75,66.09,18.02,17.08,26.28,26.13,19.92,22.51,21.86,15.47,0.06878,0.05641,0.2661,0.36,0.1201,0.3638,0.2737,0.1249,-0.0104355716878403,0.0655042755457593,0.0093406726159956,-0.0303594914955953,0.034852624538112,0.0232868719675241,0.0386523970838159,-0.0145915726433913,-0.0591029020932213,-0.0472164752486995,0.0168079122210293,-0.0124735190745208,0.017990727462787,-0.0405608214378504,0.0426103305218634,0.0,0.0024365872299609,0.0163852167202038,0.0040722982836374,0.0337855045653154,0.0222495033909739
2016-10-31,-0.0202,-0.0404,0.0412,0.0096,0.0028,0.0002,0.6434,0.0,262.4,246.5,13.76,55.66,18.88,65.63,0.003015,0.0,170.8,154.2,1.531,19.12,2.855,29.51,400937,234525,742817,722544,450272,484085,442555,546557,146.5,223.5,1.878,0.07845,69.72,31.12,47.22,75.77,205.5,285.5,2.604,0.2397,112.1,55.64,83.51,104.1,11.39,8.79,28.14,27.34,14.83,18.05,15.92,16.91,78.98,87.39,68.23,84.12,77.13,73.96,74.98,63.05,11.31,8.664,24.85,26.16,15.18,17.22,16.52,8.014,0.08778,0.08977,0.09744,0.4441,0.1483,0.1897,0.2183,0.08815,-0.0289775332416322,0.0043340698704068,-0.0876332756121706,0.0543129980890455,-0.0595483423159954,-0.0071520087434953,0.0018620515617224,-0.1297016908279287,-0.0304243151456776,-0.0502782865610081,0.0345633905736206,-0.0295238162173145,0.0072631351720637,-0.0518336712759426,0.0301260023500622,0.053371011109802,0.0402777620556529,-0.0257749823913012,-0.0095672164867771,0.0095001040761446,-0.0022972725202788
2016-11-30,0.0486,0.0704,0.0819,-0.0021,0.0369,0.0001,0.006401,0.0,136.3,240.1,0.9853,2.492,0.01943,15.07,0.0,0.0,57.94,150.6,0.008688,1.026,0.0,5.4,215660,148810,721152,721657,295028,363000,393679,443118,243.6,351.9,3.84,0.05957,161.0,154.2,245.0,221.2,303.4,411.9,5.313,0.1993,217.0,211.3,304.5,270.4,7.887,4.271,22.56,27.5,10.8,11.04,7.85,9.487,83.15,86.5,60.7,84.74,78.3,72.69,68.04,60.34,7.821,4.019,21.09,26.32,11.22,10.62,9.188,0.2938,0.1622,0.08536,0.02114,0.4389,0.1696,0.1695,0.07016,0.04839,0.0420247426574746,-0.021600686434101,-0.0121527519829568,0.2847486847284002,-0.024440332593214,-0.033580146160385,0.0199765800671232,0.0634625040162812,0.0182725344069414,-0.0857312595106909,0.134767859897839,0.0528240708612703,-0.0420051922086537,0.0661999677661104,0.0734462552295616,0.2320523882541352,0.0124682688535604,-0.0241566343704427,0.1077426715555818,0.1246754428673706,-0.0609292472541673
2016-12-31,0.0181,0.0039,0.0356,0.0123,-0.0022,0.0003,0.0,0.0,75.32,244.9,0.0002612,1.243,0.0,4.041,0.0,0.0,30.44,152.6,0.0,0.3898,0.0,0.5226,197170,103089,660549,689668,274351,314645,333161,398213,354.0,420.0,11.57,0.06169,289.1,268.5,410.2,328.4,416.0,482.0,29.82,0.2096,351.1,329.4,472.1,385.4,4.579,2.453,19.54,27.27,6.676,7.413,2.77,5.699,84.54,88.29,64.0,84.56,72.95,71.23,67.23,61.57,4.696,2.399,18.53,26.21,7.48,7.038,4.464,-3.08,0.02732,0.04168,0.02354,0.4272,0.04306,0.1782,0.09547,0.02175,0.0,0.0,0.0,0.0,0.0,0.0,0.0,0.0,0.0,0.0,0.0,0.0,0.0,0.0,0.0,0.0,0.0,0.0,0.0,0.0,0.0
2017-01-31,0.0194,-0.0143,-0.0276,-0.005,-0.0098999999999999,0.0004,0.0,0.0,67.76,238.5,0.0,0.5948,0.0,2.915,0.0,0.0,28.24,146.2,0.0,0.09102,0.0,0.217,214497,144046,689900,704615,294868,375518,412182,437301,433.4,548.4,26.3,0.09311,385.6,367.1,502.4,379.3,495.4,610.4,50.42,0.274,447.6,428.6,564.4,437.1,2.019,-1.689,18.6,26.78,3.561,4.195,-0.2055,3.996,80.25,85.26,64.48,84.76,70.07,68.71,61.87,61.21,1.948,-1.821,17.43,26.0,4.047,3.862,1.435,-5.952,0.07355,0.07647,0.0368,0.4301,0.1089,0.1202,0.02693,0.02663,0.0383360522022837,0.0979914350717028,0.0946875568149552,0.0719700984062019,0.0159874850006207,0.0395597081928811,0.0475167247151702,0.0233563011111759,0.0921992550596724,0.0311676372630209,0.074568810651157,0.0642004960229807,0.0571093455464484,0.0632147743528863,0.0337433986312945,0.032009923424574,0.0728506551029437,-0.0324237341907581,0.0701682187357424,0.0238756108689108,0.0697100606625811
2017-02-28,0.0356999999999999,-0.0220999999999999,-0.0168,0.0045,-0.0183,0.0004,0.0,0.0,120.0,209.4,0.0,0.2401,0.0,2.242,0.0,0.0,59.31,126.0,0.0,0.008798,0.0,0.195,310384,239313,843524,734445,407114,495982,579366,585527,248.5,348.2,6.508,0.08714,220.9,313.5,410.4,292.7,304.5,404.2,12.71,0.2523,276.9,369.1,466.4,345.0,7.124,3.566,21.93,26.26,8.112,4.828,1.342,5.759,80.39,82.21,54.46,84.35,78.18,67.03,59.27,55.75,6.942,2.991,20.67,25.91,8.335,4.288,2.509,-2.413,0.1137,0.07671,0.02109,0.4286,0.1051,0.1405,0.05477,0.03099,0.0345640219952867,0.1337777207515502,0.0910967602355548,0.0901062129722425,-0.0340804309880181,-0.0210226094045514,0.0945953664383947,0.071893224343472,0.0836061859561196,0.0224592570156081,0.0227930042211359,0.0169543781437802,0.0301637316734624,0.0532779843490536,0.0036954222323948,0.0748413365310896,-0.0043639216266493,0.0450357115213464,0.0001260350516019,0.0202343297076497,0.0652569879177951
2017-03-31,0.0017,0.0074,-0.0332,0.0062,-0.0093999999999999,0.0003,0.0004272,0.0,237.8,243.7,0.0,0.4814,0.0,6.533,0.0,0.0,152.6,151.4,0.0,0.02681,0.0,1.533,503841,436063,934739,742346,688721,656083,736569,721757,185.7,254.9,5.329,0.09575,147.0,275.8,300.3,205.2,247.6,316.8,7.567,0.2818,208.8,337.2,362.3,260.6,10.01,7.781,26.07,27.12,11.26,7.137,6.312,9.804,75.37,73.82,51.03,84.7,68.8,66.96,60.59,55.44,9.699,7.283,24.06,26.0,10.87,6.609,6.568,1.756,0.1144,0.09316,0.05103,0.4121,0.06201,0.1266,0.04308,0.06442,0.0013498692314182,0.0486899284996897,0.0572703563657424,-0.0412520229442998,0.009927841238867,0.0205971113484861,0.032387329065773,-0.0654743053965477,-0.0535610141257653,-0.0258131177974094,-0.0002165557566613,0.0386560485645315,0.003396761581794,0.0194164105992964,-0.0122002165425091,-0.0619664621656022,0.0293844743217934,0.0253917465958413,0.0298731938176202,-0.0045872130223453,0.01057529503884
2017-04-30,0.0109,0.0046999999999999,-0.021,0.0191,-0.016,0.0005,0.02198,0.0,370.3,240.9,0.2627,2.843,1.788,44.03,0.0,0.0,281.7,151.5,0.0009515,0.3176,0.09984,14.64,817014,637121,1029709,710473,859284,766293,860371,869449,168.3,245.4,2.434,0.07425,88.57,90.92,79.53,50.02,227.5,305.4,3.141,0.2402,145.1,140.6,132.8,78.65,10.42,7.819,31.83,27.58,13.17,13.41,13.63,16.87,65.32,70.8,46.68,85.07,68.54,69.96,65.18,52.18,10.22,7.534,28.58,26.14,12.6,12.26,13.04,9.268,0.05208,0.07737,0.06729,0.4389,0.08343,0.1962,0.09326,0.07933,0.0,0.0,0.0,0.0,0.0,0.0,0.0,0.0,0.0,0.0,0.0,0.0,0.0,0.0,0.0,0.0,0.0,0.0,0.0,0.0,0.0
2017-05-31,0.0106,-0.0302999999999999,-0.0378,0.0095,-0.0181,0.0006,25.87,19.99,425.6,255.8,37.8,48.27,38.6,133.5,5.881,4.676,333.7,163.3,7.338,9.334,5.842,66.07,890568,778103,999437,681848,975544,859454,956353,978988,62.08,82.51,1.278,0.05701,26.1,13.09,4.333,12.05,100.2,126.0,1.822,0.2061,50.88,29.51,22.36,20.87,15.6,14.58,34.53,28.04,17.58,18.61,18.52,21.8,71.34,70.95,53.28,84.75,68.68,74.04,67.07,52.15,15.23,14.18,30.17,26.38,16.93,17.02,17.6,14.37,0.1174,0.09124,0.08562,0.4042,0.06955,0.1473,0.04289,0.09579,0.0196309714382003,0.0677326435822329,0.096556830476449,-0.0469010171596216,0.1042490977496335,0.1031608565047721,0.0545627155040278,-0.0015948894007213,0.1227103410776804,-0.0149794871942099,0.1249310739930662,0.0517441820397099,0.1642958369314535,0.0515365429578591,0.032282781921336,-0.0212651932719134,0.0665092885207458,0.0705474902984952,0.1018201796090292,0.068105273221154,0.0734667438032035
2017-06-30,0.0078,0.0256999999999999,0.0148,-0.0225,0.0001,0.0006,82.73,40.75,368.0,236.6,153.6,94.33,119.9,188.7,33.9,10.68,278.9,147.3,74.31,30.24,45.29,110.0,971055,840666,786263,642473,1056392,809541,938189,905680,7.155,8.651,0.6437,0.1001,1.806,5.969,0.05767,3.838,21.32,31.2,1.018,0.288,3.974,12.96,0.7602,7.295,20.07,18.32,34.82,27.25,23.06,20.74,21.98,24.91,67.75,68.26,69.24,84.35,65.57,78.52,72.93,61.71,19.65,17.84,28.56,25.9,22.3,19.1,20.87,17.82,0.09892,0.131,0.2883,0.3797,0.07099,0.2597,0.07474,0.1848,0.0109899190216493,-0.0572137518386731,-0.0036375296588423,0.082552537913854,0.032029691530744,0.0181701820290787,-0.0035000700066026,0.0362848051953705,-0.1136175330774104,0.0472471458580052,0.0142155593115886,0.0058153532148654,-0.0581608296685434,-0.0007165805065271,0.0643855873029204,0.0675609971687836,-0.0130296439645762,0.0640103201902104,0.0245871573075964,0.062825318306988,-0.0152264736005179
2017-07-31,0.0187,-0.0166,-0.0024,-0.0069,-0.0011,0.0007,86.58,44.92,318.2,233.1,197.5,259.1,257.4,297.4,34.59,9.921,225.7,141.0,110.3,167.8,164.4,207.8,854148,740094,603862,668087,1065379,799282,684649,897033,1.875,7.872,0.216,0.1532,1.332,0.07313,0.0,1.152,10.98,29.16,0.372,0.3836,2.797,0.2881,0.0,1.981,20.44,18.51,32.75,26.55,24.4,28.32,27.67,30.93,68.88,73.54,80.11,83.44,61.49,83.55,86.71,65.18,20.07,18.14,26.89,25.7,23.74,24.72,25.73,21.02,0.08427,0.1666,0.4268,0.3001,0.05005,0.2288,0.3007,0.174,0.0198610543522681,0.0327036753211475,0.0316029486400104,-0.0057709828935779,-0.0073444834138315,0.0576080920138235,0.0844577865081281,-0.0340233026676251,-0.0088789766596187,-0.0001272432041775,0.0379480760463089,0.0053965737569374,0.0170166153187616,-0.0247717289508696,0.0462241498918793,0.0581169511520298,0.0546932246669822,0.0370054343126475,-0.038406882298218,0.0344625698795992,0.061633696755704
2017-08-31,0.0016,-0.0183,-0.0209,0.0015,-0.0237,0.0009,79.46,36.75,314.6,231.9,224.2,252.4,231.9,259.4,29.92,6.201,222.2,139.9,136.8,162.6,142.2,174.2,783673,669182,625559,723690,958640,712342,696611,792250,4.964,9.488,0.2634,0.142,1.248,0.09017,0.0001724,2.818,19.36,31.4,0.4725,0.3615,2.755,0.5613,0.05577,5.29,19.95,18.17,32.91,26.39,25.53,28.16,26.96,29.15,69.0,74.34,80.96,82.43,60.72,81.48,80.78,68.03,19.76,17.99,26.72,25.64,24.64,24.71,25.46,19.33,0.08522,0.1222,0.3334,0.3005,0.04614,0.2198,0.2544,0.1843,-0.0025645135438372,0.1069997158481605,0.0694638536510483,-0.0044692312889922,-0.0431348985759967,0.0406384928436567,-0.0869706896452119,0.0280405675406625,-0.0080045873538245,-0.0324033822274402,-0.0962736802111048,-0.0754693709560004,0.0103014171549451,0.0077289872906396,-0.0127296068624294,-0.0298510668455356,0.0339526525562721,0.041933875284283,-0.0283339875114161,0.0369634175861424,0.0414493606747521
2017-09-30,0.0250999999999999,0.0476999999999999,0.0312,-0.0146,0.0167,0.0009,6.52,0.4314,308.5,238.3,47.68,126.4,92.42,156.5,0.4092,0.0,219.4,149.0,12.98,52.72,21.57,84.93,550705,451059,713076,766965,674851,621138,697175,711880,49.72,88.86,0.6089,0.1074,14.16,2.184,0.4474,8.516,95.79,146.5,1.036,0.2963,33.26,5.737,2.794,14.91,15.02,13.13,32.8,27.15,18.48,22.11,20.99,23.64,75.59,81.43,78.22,82.52,70.42,76.83,74.11,64.05,14.76,13.0,26.7,25.94,18.44,21.31,21.16,15.57,0.1028,0.1195,0.2488,0.3372,0.161,0.2791,0.1551,0.1131,0.0,0.0,0.0,0.0,0.0,0.0,0.0,0.0,0.0,0.0,0.0,0.0,0.0,0.0,0.0,0.0,0.0,0.0,0.0,0.0,0.0
2017-10-31,0.0225,-0.0192999999999999,0.0021,0.0092,-0.0324,0.0009,1.765,0.03367,275.4,255.0,6.814,34.96,16.47,46.92,0.005512,0.0,183.9,162.6,0.1216,9.419,1.331,22.85,391297,264126,724692,805710,526013,420997,489882,557727,83.07,139.6,1.907,0.08609,44.07,40.72,49.41,75.32,137.0,201.0,2.653,0.257,87.96,74.12,90.62,112.5,13.64,11.52,28.93,27.86,15.38,16.77,15.61,16.11,78.37,83.27,68.95,82.78,70.29,77.32,72.36,61.56,13.43,11.32,25.35,26.37,15.46,16.55,16.07,8.155,0.04277,0.1113,0.1322,0.3134,0.0381,0.4112,0.1134,0.07253,0.0526273501526595,0.030731466917885,0.0309126108919255,0.1465046564553329,0.0735183220284982,-0.0273855850377923,0.0323312201976253,-0.0898104655089454,0.0276893269108766,-0.1080823471837851,0.1518131009387813,0.1151059115479187,0.081445486058808,0.1061585230772086,0.0181245762201849,0.1042977138048029,0.1124784838574481,0.0261706395097858,0.0431547983477618,0.0609242295306269,0.0624033603591158
2017-11-30,0.0312,-0.0036,-0.0008,0.0319,-0.0008,0.0008,0.0001659,0.0,138.8,235.0,0.04801,2.271,0.02317,13.11,0.0,0.0,66.72,145.6,0.0002605,0.844,0.0,4.068,236982,124559,679335,688475,308444,372168,445807,456598,259.2,317.5,5.119,0.07565,186.2,162.6,283.4,205.3,319.1,377.5,9.18,0.2372,245.3,218.9,343.2,254.9,7.362,5.416,22.52,27.13,9.825,10.78,6.562,9.941,81.54,87.99,64.51,85.12,75.72,71.71,62.35,57.2,7.054,5.299,21.05,26.16,10.12,10.64,7.986,0.4316,0.1052,0.1246,0.04538,0.5031,0.159,0.1627,0.02459,0.03197,0.0277841386153729,0.0202779898642491,0.0563797686833755,0.0328605027955593,-0.067991208228607,-0.0089221209421517,-0.0900907987192053,0.0451943827430132,0.1483560367893455,0.1177587703972609,0.127784272197247,-0.0207852389205265,0.0030298527458332,0.0901858009948224,0.0479594184261926,0.0321998733675135,0.0169837268519699,0.0255493906313408,-0.0110608266907072,0.0890512682391704,0.0255456516599119
2017-12-31,0.0106,-0.0107,0.0005,0.0075,0.0167,0.0009,0.0,0.0,73.78,242.3,0.0,0.3971,0.0,1.058,0.0,0.0,28.03,149.9,0.0,0.03378,0.0,0.07069,150429,85440,638840,710803,255996,319399,368754,410080,337.3,401.6,14.83,0.08148,319.2,340.9,505.6,369.9,399.3,463.6,32.17,0.2509,381.2,402.2,567.6,428.8,5.12,3.046,19.39,27.01,5.704,5.037,-0.3088,4.201,84.93,87.61,64.42,84.69,73.48,69.12,60.18,55.57,4.822,2.86,18.17,26.15,6.239,4.906,1.504,-4.707,0.1668,0.1198,0.02684,0.3953,0.1296,0.1272,0.03917,0.01255,0.0,0.0,0.0,0.0,0.0,0.0,0.0,0.0,0.0,0.0,0.0,0.0,0.0,0.0,0.0,0.0,0.0,0.0,0.0,0.0,0.0
2018-01-31,0.0557,-0.032,-0.0133,-0.0073,-0.0101,0.0012,0.0,0.0,62.35,233.7,0.0,0.3846,0.0,1.519,0.0,0.0,25.71,141.5,0.0,0.01757,0.0,0.07205,160234,109184,722814,692507,294826,351900,407669,435806,262.7,363.2,39.77,0.09456,255.5,394.7,571.5,459.3,324.7,425.2,69.22,0.2834,317.5,456.2,633.5,518.4,7.527,4.283,17.8,26.46,7.758,3.296,-2.436,1.327,85.95,86.54,60.28,84.19,78.23,69.97,60.52,57.18,7.292,3.813,17.14,25.93,8.087,3.3,-0.6054,-7.577,0.2073,0.1491,0.01156,0.4009,0.08732,0.1606,0.04436,0.03697,0.0484218343854436,-0.025720257550465,0.0814162350222729,0.1359600339334528,-0.0408419476876614,0.0142555474809262,0.0990625401706351,0.0516317033520783,0.056606917780849,0.0336690403691,0.114720781353953,0.079583667270243,0.1409518111206986,0.1172281289031398,0.0229805459094245,0.1005069429892566,0.1287869862196144,-0.0103035521675516,0.0856684500904592,0.0377350029959131,0.1033836546242727
2018-02-28,-0.0365,0.0031,-0.0107,0.0054,-0.0239,0.0011,0.0,0.0,119.5,207.5,0.0,0.3517,0.0,2.411,0.0,0.0,59.26,124.2,0.0,0.01249,0.0,0.2316,331638,284807,808231,773211,367548,504898,572643,589924,383.3,487.9,7.361,0.09669,306.1,346.9,459.2,337.3,439.3,543.9,13.74,0.2734,362.1,402.5,515.2,390.1,2.311,-1.424,21.87,26.11,5.069,3.639,-0.3988,4.155,76.86,77.81,55.51,84.2,76.09,67.58,54.39,52.45,2.26,-1.657,20.57,25.93,5.305,3.019,0.8026,-4.393,0.1083,0.03639,0.02579,0.377,0.1929,0.132,0.06044,0.02378,-0.0420769285258907,0.0681850163111577,-0.0352050720658865,0.0031249882894077,0.046241151408511,-0.0628250398402985,0.0638006260919483,-0.100410116933594,-0.0177510899913715,-0.1392806393701343,-0.0333493973994043,-0.0389423477594206,-0.0662313429223816,-0.0927324837627846,-0.1005784945702173,-0.0093722867706406,-0.0084151007461263,-0.0680386942706092,-0.0616087215882495,-0.0448518323095097,-0.008661020676036
2018-03-31,-0.0235,0.0358,-0.0023,-0.0045,0.0,0.0011,0.0,0.0,264.1,241.2,0.002902,0.7978,0.0005644,16.56,0.0,0.0,173.6,148.9,0.0,0.07788,0.0,3.673,463803,407117,938437,758634,546104,651218,666104,757412,279.9,402.0,4.095,0.09417,232.3,200.3,253.6,164.4,341.9,464.0,5.135,0.2836,294.1,260.8,315.3,209.4,6.972,3.033,26.87,26.93,8.513,9.614,7.829,11.78,77.48,76.47,48.65,84.62,77.44,69.42,71.89,51.95,6.799,2.425,24.79,26.0,8.633,8.535,7.748,4.13,0.171,0.08698,0.03341,0.4185,0.1985,0.2004,0.1529,0.05319,0.0,0.0,0.0,0.0,0.0,0.0,0.0,0.0,0.0,0.0,0.0,0.0,0.0,0.0,0.0,0.0,0.0,0.0,0.0,0.0,0.0
2018-04-30,0.0028,0.0093,0.0054,-0.0243,0.0127,0.0014,4.061,2.39,345.9,249.4,7.445,7.483,2.033,59.2,0.0003591,0.0,257.4,160.0,0.08854,0.3489,0.000908,22.08,725368,730016,1001587,747047,855695,788829,807295,891974,105.4,105.9,2.434,0.08037,57.96,63.54,106.0,60.87,156.1,158.4,3.17,0.2505,98.44,102.7,157.4,87.29,12.93,12.8,30.79,28.19,14.97,14.83,12.82,17.07,71.14,67.32,50.33,84.35,72.23,70.72,68.65,49.53,12.52,12.33,27.89,26.28,14.3,13.01,12.49,9.506,0.1215,0.07163,0.05786,0.3924,0.08428,0.1683,0.1748,0.07388,-0.0109443170894031,-0.0721982319970345,-0.0739078017914985,-0.064415208764789,0.0035043457949301,-0.0171742242276937,0.0707753820833596,0.0288284343978266,0.0327920122368035,0.0388923573082371,-0.1554314655997084,-0.0626357945827014,-0.0773062967800791,0.0196623200353438,0.0236622793985963,-0.0741090030338574,-0.002666131474783,0.0778743776926913,-0.0503938014127262,0.0487385796045083,0.0320483183062909
2018-05-31,0.0265,0.0474,-0.0318,-0.0204999999999999,-0.0147,0.0014,11.99,25.07,413.3,256.1,35.79,48.79,30.47,138.8,0.6697,4.68,321.5,163.7,7.054,10.31,6.054,74.2,846003,896441,998956,703966,873436,797313,808469,943199,54.0,41.3,1.59,0.09886,17.41,22.15,16.57,10.74,92.53,74.41,2.174,0.2885,40.24,41.71,43.66,20.0,15.4,16.41,33.97,27.96,17.86,18.23,17.57,22.49,75.03,65.0,53.68,84.26,77.81,75.83,75.98,53.71,14.87,16.12,29.85,26.25,17.11,16.7,16.78,14.47,0.1303,0.07482,0.09844,0.3604,0.1614,0.2449,0.184,0.1092,0.0240747663551401,0.1351238740113003,0.1554798639933783,-0.0254463104454152,-0.0758706894179879,0.0353866209479953,-0.0317172075872359,0.0817865408567268,0.0084097835897485,-0.0922240486738538,0.1047811093526835,0.0299938325971138,0.0799347930884988,0.0151215080804381,-0.0234579513877798,-0.0286709287226114,0.0614672305814021,-0.008627336862901,0.0435090584763202,0.0216159537145832,0.0319203159924208
2018-06-30,0.0048,0.0081,-0.0233,0.0078,0.0024,0.0014,49.58,36.78,380.6,237.7,112.3,116.5,120.0,212.3,12.27,5.044,291.5,148.5,38.04,46.47,38.95,130.6,919328,805186,814143,686354,1000921,759146,851949,908843,5.098,14.38,0.6009,0.1436,1.922,4.695,0.05369,2.311,20.12,34.43,0.974,0.3704,4.535,10.04,0.559,4.363,18.98,18.08,35.12,27.3,21.6,21.74,21.99,26.04,71.89,68.73,67.12,83.1,70.7,81.04,76.86,60.55,18.67,17.82,28.91,25.95,20.8,20.07,21.19,18.64,0.1083,0.07352,0.255,0.2717,0.1022,0.2929,0.2387,0.1586,0.0,0.0,0.0,0.0,0.0,0.0,0.0,0.0,0.0,0.0,0.0,0.0,0.0,0.0,0.0,0.0,0.0,0.0,0.0,0.0,0.0
2018-07-31,0.0319,-0.0192999999999999,0.0046999999999999,0.0156,0.0034999999999999,0.0016,131.4,98.52,323.2,225.3,197.2,278.2,268.4,289.5,53.99,37.67,230.9,133.7,108.6,188.2,176.5,199.7,966997,924058,584963,715157,1026457,807800,850508,851814,0.2792,1.857,0.2849,0.1479,0.8515,0.6575,0.001636,1.144,1.793,8.839,0.4989,0.3796,2.002,1.427,0.04647,2.029,22.2,20.89,33.06,26.18,24.44,29.51,29.0,30.66,64.16,59.19,79.99,81.94,68.84,82.82,81.6,68.16,21.66,20.46,26.91,25.72,23.68,24.63,25.92,20.86,0.0664,0.05445,0.4307,0.2082,0.06304,0.3287,0.1402,0.1979,0.0464335255895451,0.018301426527316,0.0058461208638076,0.0633610339171006,0.0546687347585821,-0.0181113097260099,-0.0380289219803902,0.1131282005201568,0.1032587416045187,0.0309601943796911,-0.0267519137261216,0.086053826174665,0.1156545465642755,0.0588045209368484,0.0070705035608857,0.0143372694564853,0.0732495666644543,0.0272628701992003,0.1309604664043893,0.052195419402198,0.046052593143441
2018-08-31,0.0344,0.0063,-0.0398,-0.003,-0.0266,0.0016,103.2,90.38,305.9,227.4,195.1,281.0,295.3,268.5,46.61,37.6,213.6,136.0,109.2,191.2,202.4,180.7,818854,736669,575772,789342,875777,756170,746975,793382,2.906,7.424,0.223,0.1755,1.279,0.2282,0.0,1.244,12.55,19.29,0.4059,0.4263,2.844,0.838,0.0,2.384,20.97,20.3,32.17,26.27,24.58,29.9,30.3,29.59,65.75,61.69,81.02,80.21,70.85,80.15,79.26,69.62,20.65,20.07,26.43,25.76,23.53,24.96,26.84,19.93,0.06577,0.06012,0.3681,0.1719,0.1108,0.2508,0.2647,0.1922,0.0350938393916138,0.2004219844143446,-0.1025796308277494,0.0016192423288963,0.0772472147135252,0.029280296888432,-0.0380387253979926,-0.0057676433546272,0.0685780307091721,0.1600369351362194,-0.006837394261035,-0.0003610131805922,0.0037320136784757,0.0216644056106742,-0.0385007079646448,-0.0342169129135412,0.0629929773596047,0.0237730853279554,0.0282201857593722,0.0601850062792743,0.0758430605303901
2018-09-30,0.0006,-0.0249,-0.0169,0.0064,0.013,0.0015,33.0,15.5,291.6,230.6,98.37,137.2,89.31,140.3,6.166,1.218,202.6,141.6,34.28,64.6,26.46,76.04,665728,525770,719421,831992,700001,550781,602692,697031,22.85,55.12,0.8126,0.1443,6.507,2.013,0.6936,12.94,48.37,91.27,1.269,0.3662,14.84,6.139,5.387,22.66,17.49,15.47,31.1,26.64,20.79,22.62,20.8,22.72,66.57,68.38,75.87,79.89,71.59,80.58,74.8,64.69,17.44,15.33,26.13,25.82,20.53,21.69,21.04,14.54,0.03675,0.06636,0.2003,0.2274,0.07157,0.4221,0.2147,0.1228,0.0,0.0,0.0,0.0,0.0,0.0,0.0,0.0,0.0,0.0,0.0,0.0,0.0,0.0,0.0,0.0,0.0,0.0,0.0,0.0,0.0
2018-10-31,-0.0768,-0.0446,0.0344,0.0093999999999999,0.036,0.0019,5.446,1.546,258.4,257.5,16.29,37.19,4.026,33.14,0.07151,0.00276,167.3,165.2,0.3655,11.03,0.1936,11.26,406694,323957,778561,821865,448478,508740,573467,605012,104.5,155.0,3.032,0.109,29.89,24.67,101.5,68.76,153.9,212.7,3.918,0.3061,61.83,52.58,155.1,103.5,13.21,11.19,27.35,27.7,16.53,17.5,13.13,15.74,76.22,76.27,63.34,81.49,77.63,72.7,67.61,57.63,12.99,10.97,24.65,26.15,16.48,16.9,14.23,7.073,0.1123,0.04206,0.07012,0.3149,0.2318,0.1471,0.1938,0.04975,-0.0803451064977084,-0.0385274490729181,-0.1273719137793635,-0.1065978260541032,0.0697234382798821,-0.1143972251436783,-0.0394404913261932,-0.0781156723920699,-0.0193024473923989,-0.0312287537931901,-0.0538502390587949,-0.1379598920008787,-0.114645247710361,-0.1239728189550374,-0.0982727144755574,-0.0584924082342418,-0.0491411856156888,-0.0334755184926565,-0.0479206429215833,-0.0231997754001203,-0.0615424712914652
2018-11-30,0.0169,-0.0077,0.0028,-0.0056,0.0036,0.0018,0.002769,0.0,150.9,244.7,0.8783,2.799,0.004608,13.81,0.0,0.0,74.38,155.3,0.002028,0.8815,0.0,4.248,231612,168371,687236,737704,281339,384623,416942,452622,227.0,310.5,5.133,0.08642,135.8,113.6,235.4,195.6,286.5,370.5,6.998,0.2622,191.1,167.5,295.1,245.1,8.449,5.651,23.11,27.68,11.66,12.51,8.165,10.29,84.66,85.3,62.38,84.3,81.55,71.75,66.84,61.48,8.387,5.418,21.4,26.22,11.81,12.12,9.617,0.1227,0.1354,0.03784,0.04334,0.4332,0.1863,0.1075,0.06976,0.04364,0.0351070067428906,-0.1811975840370526,-0.0638020302540117,0.032727355208622,0.0984209445823964,0.068389938046534,0.0092287601669098,0.0418791438324244,0.0139952798015188,0.1078879787811257,0.1435321212937828,0.0735313265187715,0.0174860872576418,0.0313772371907044,-0.020444074183364,-0.027813953699614,0.0426839146339723,0.0445166589894807,0.0790073655649441,0.0800038214222667,0.029846921143414
2018-12-31,-0.0957,-0.0287,-0.0185,-0.0003,0.0022,0.002,0.0,0.0,66.26,248.8,2.653e-05,1.469,0.003836,5.502,0.0,0.0,29.86,156.4,0.0,0.4262,0.0,1.447,148248,79788,632497,703053,259949,292510,348756,377487,282.3,364.0,26.86,0.06954,280.8,279.6,476.7,393.2,344.3,426.0,51.4,0.2359,342.8,339.4,538.6,450.6,6.893,4.257,18.56,27.46,6.943,7.1,0.6263,3.641,86.24,87.52,63.66,84.55,76.6,72.44,60.42,59.46,6.776,4.044,17.27,26.22,7.563,6.773,2.725,-6.803,0.1353,0.1506,0.03081,0.4099,0.06653,0.1711,0.04854,0.03462,-0.0827019755009557,-0.1166982632825925,-0.1436718664241013,-0.1275455302774399,-0.0637343960190334,-0.0950384595526745,-0.0895722564328262,-0.113297900569833,-0.1192061123083124,-0.1830424211937398,-0.0318526026870159,-0.1076161609275281,-0.0582976105449215,-0.0471383591551468,0.0058838195869577,-0.1067809232833136,-0.0840472377066494,-0.1215005076305657,-0.1141377856317784,-0.1145861018755751,-0.0689434703037048
2019-01-31,0.084,0.0302,-0.0046,-0.0078,-0.0151,0.0021,0.0,0.0,53.77,242.6,0.0,0.5089,0.0,1.469,0.0,0.0,19.97,150.2,0.0,0.05188,0.0,0.1053,192486,117781,705976,713428,300342,365246,440435,432767,377.6,465.3,30.13,0.08493,354.0,359.2,498.8,406.2,439.6,527.3,57.76,0.2709,416.0,420.6,560.8,465.2,3.819,0.9903,17.89,27.06,4.579,4.448,-0.08994,3.041,81.87,85.08,61.67,84.77,71.53,67.54,56.68,61.23,3.532,0.8363,16.66,26.08,4.786,4.252,1.573,-6.911,0.09474,0.1225,0.0307,0.4018,0.09854,0.1002,0.01671,0.02738,0.0856812041682748,0.055153974875826,0.2852038091976134,0.1554381506422044,0.1370160916639617,0.1135133643619719,0.0640900662045143,0.1529065931855486,0.0536056452683539,0.0080824644738133,0.0994171990496075,0.1105447251299152,0.0774478881466067,0.0681527150789993,0.0555678530244534,0.0744207347070595,0.0281579421673969,0.1777928213702155,0.0965693142852712,0.0846178693503276,0.0232680354931216
2019-02-28,0.034,0.0174,-0.0266999999999999,0.0012,-0.016,0.0018,0.0,0.0,104.0,223.1,0.0,0.837,0.0,5.983,0.0,0.0,53.2,139.7,0.0,0.1345,0.0,1.41,389935,283955,788007,787468,479033,464271,546795,547453,256.4,322.6,11.78,0.1015,238.0,282.5,392.6,327.3,312.4,378.6,23.28,0.2935,294.0,337.8,448.6,378.3,6.842,4.477,21.08,27.35,7.499,5.965,1.98,4.702,74.01,74.55,59.4,84.17,68.13,69.26,59.6,58.56,6.755,4.137,19.69,26.08,7.514,5.251,3.135,-4.126,0.0661,0.05501,0.05563,0.3707,0.07788,0.1319,0.05163,0.04887,0.0418059011731246,0.0447765652372238,0.0532454393750319,0.0266411564814261,0.0497107030863424,0.0613042116936684,-0.074077517686378,-0.0500152401374704,0.0219019592432883,-0.1177728582189835,0.0002437978074576,0.0461637347376886,0.0005862197365162,0.0087725183174722,0.0520036062580624,-0.0075650400147171,0.0773574603652234,0.0130132945384917,0.0551779869356425,-0.1035528856083907,0.0990189739587292
2019-03-31,0.011,-0.035,-0.0409999999999999,0.009,-0.0096,0.0019,0.0,0.0,228.6,245.8,0.0,0.8377,0.0,12.29,0.0,0.0,146.1,153.5,0.0,0.151,0.0,3.701,551562,389336,933488,775742,691359,650311,735956,757395,212.2,278.8,5.725,0.1088,166.1,223.5,274.3,170.2,274.2,340.8,8.523,0.3125,228.1,284.3,336.3,221.8,9.155,7.006,25.64,27.31,10.64,8.854,7.153,11.24,69.67,74.74,52.22,83.5,66.68,67.87,62.83,51.24,8.812,6.68,23.69,26.22,10.25,7.991,7.484,2.513,0.07895,0.1201,0.03395,0.3771,0.04816,0.1689,0.06494,0.05641,0.0,0.0,0.0,0.0,0.0,0.0,0.0,0.0,0.0,0.0,0.0,0.0,0.0,0.0,0.0,0.0,0.0,0.0,0.0,0.0,0.0
2019-04-30,0.0397,-0.0116999999999999,0.0214,0.0162,-0.022,0.0021,0.047,0.06325,360.5,252.5,0.3195,4.632,1.206,52.61,0.0,0.0,272.0,163.1,0.0004588,0.5708,0.0004042,22.43,736873,717436,1005382,728385,777559,784062,769066,877922,160.1,181.3,2.404,0.07382,103.9,118.0,129.4,59.38,217.9,239.4,3.129,0.2461,161.1,168.3,184.2,90.31,10.74,10.02,31.47,28.48,12.64,12.54,11.9,16.86,69.36,63.95,49.83,84.68,73.91,69.15,67.18,52.41,10.32,9.714,28.38,26.47,12.06,11.65,11.52,9.801,0.109,0.05839,0.05107,0.4195,0.154,0.1713,0.1139,0.07968,0.0569166723537841,0.1589373437527315,0.0311633785711391,0.0515817419106481,0.0941950513983138,0.047524102462678,0.0930737917410196,-0.0828865878175931,0.1224741843352201,-0.0506383584394437,0.0145646261328384,0.0474216985539495,0.0642759311376279,0.1084411554218476,0.0662454058238175,0.1566020772885745,0.1657590907262056,0.1024200484080515,0.1673357790717828,-0.0341030591155172,0.1101133091289872
2019-05-31,-0.0694,-0.0158,-0.0235,-0.0046999999999999,0.0176,0.0021,1.22,0.2601,431.8,261.6,1.656,49.87,39.93,113.9,0.04126,0.0,339.9,169.2,0.0,11.6,8.501,52.75,841027,733547,1017335,743364,832065,908661,972022,930383,101.8,149.1,1.729,0.1054,63.7,14.18,8.329,14.18,158.7,208.2,2.325,0.3104,115.3,30.99,27.93,25.13,12.92,11.29,34.24,28.43,14.33,18.61,18.39,21.12,71.12,71.28,50.56,83.63,75.73,69.29,63.87,53.82,12.52,11.09,30.12,26.51,13.73,17.27,17.52,13.47,0.1012,0.121,0.07873,0.275,0.1813,0.1458,0.09865,0.1114,-0.0539807580551431,-0.1242127676825577,-0.2506736253329898,-0.1301504849354297,0.026713728630124,0.0212564375652377,-0.1071542275579264,-0.0384660465624104,-0.0215981915362464,-0.0369623250280526,-0.1537161659621524,-0.0927148616320474,-0.0771168505216891,-0.0679919516333183,0.0124138964038069,-0.1566840169640283,-0.0494805647937196,-0.0391285725440476,-0.034826005350307,0.0374566340482398,-0.017343923128734
2019-06-30,0.0693,0.0036,-0.0072,0.0091,-0.0043,0.0018,73.49,78.24,410.7,229.9,161.7,105.2,101.3,207.8,33.96,30.8,321.5,140.8,84.3,37.77,27.42,126.5,979491,961226,869678,653949,1096888,767152,876524,917092,18.69,3.587,0.8723,0.1042,1.63,3.123,0.04028,2.405,41.06,15.97,1.317,0.3045,4.214,8.798,0.423,4.692,19.14,20.09,36.05,26.94,23.4,21.24,21.36,25.88,68.35,63.92,62.42,83.82,66.59,81.49,78.55,61.39,18.75,19.85,29.88,25.94,22.4,19.8,20.42,18.03,0.1,0.08157,0.1864,0.3321,0.04693,0.3001,0.1887,0.169,0.0,0.0,0.0,0.0,0.0,0.0,0.0,0.0,0.0,0.0,0.0,0.0,0.0,0.0,0.0,0.0,0.0,0.0,0.0,0.0,0.0
2019-07-31,0.0118999999999999,-0.0178,0.0046999999999999,-0.0007,0.0037,0.0019,120.3,72.76,335.9,226.2,207.4,192.8,216.0,269.7,56.77,31.42,243.6,134.4,119.6,107.3,123.2,181.0,996876,826547,644224,730953,1019396,698551,709127,872941,0.6304,9.2,0.3122,0.1846,0.9943,0.21,0.0,1.586,4.744,29.59,0.52,0.4534,2.316,1.309,0.001584,2.757,21.77,19.39,33.67,26.17,24.93,25.19,25.77,29.44,60.58,64.34,77.41,80.91,67.26,85.72,84.0,66.05,21.49,18.99,27.38,25.48,23.97,23.17,23.99,20.01,0.05749,0.08385,0.4298,0.1747,0.09426,0.3303,0.3057,0.1919,0.0943962869428709,0.2168843503252269,0.368675712910578,0.1596158442500783,0.1643591522380236,0.1136998503280382,0.139105927185885,-0.035505815233389,0.1504717329226588,0.0763967098034299,0.1872106602148424,0.103369206508286,0.1009489201528195,0.1334678085416369,0.0943791073955975,0.1036496826016772,0.1017949645701186,0.1016103116341362,0.0494379407150582,0.0343784638898172,0.1033286170620422
2019-08-31,-0.0258,-0.0323,-0.0476999999999999,0.0055,-0.0069,0.0016,86.64,58.92,315.6,226.1,205.9,277.5,255.7,255.3,31.88,15.96,223.3,134.3,117.4,186.5,162.8,168.9,820915,712208,590537,805102,914954,717192,767145,820564,1.74,2.893,0.285,0.162,1.105,0.07788,0.0,1.573,10.64,15.45,0.5016,0.4044,2.455,0.4241,0.0,3.164,20.46,19.4,33.01,26.13,24.85,29.68,28.23,28.58,66.27,68.45,81.88,79.18,69.3,82.66,80.89,65.92,20.24,19.21,26.6,25.6,24.12,25.16,25.82,19.68,0.07843,0.103,0.4354,0.1342,0.06456,0.3121,0.1627,0.1641,0.0,0.0,0.0,0.0,0.0,0.0,0.0,0.0,0.0,0.0,0.0,0.0,0.0,0.0,0.0,0.0,0.0,0.0,0.0,0.0,0.0
2019-09-30,0.0143,0.0027,0.0674,0.0184,0.0336,0.0018,23.79,2.456,285.3,231.6,85.32,187.6,121.6,156.3,5.052,0.2589,196.2,142.4,26.61,105.6,49.57,85.31,618286,480178,583747,894567,689508,646310,555700,749841,18.42,57.31,0.4272,0.1484,6.328,1.092,0.06458,8.132,50.58,109.2,0.7438,0.3796,15.51,3.121,1.344,15.0,17.11,14.44,31.27,26.71,20.33,25.03,22.05,23.36,67.61,73.49,82.11,78.02,73.19,78.4,80.98,61.77,16.96,14.26,26.12,25.8,20.26,22.87,21.96,15.79,0.07111,0.1016,0.4022,0.1335,0.108,0.1903,0.3836,0.09607,0.0141574154920793,0.0552993159711632,9.252848693375172e-05,-0.0429511326767338,0.0205096970781788,0.1488143723674717,0.0402838957654714,-0.1502773350328582,0.0475901678530314,0.1288706417390088,0.0229636988945232,0.0204959578155474,0.0024133862994435,0.0924090066206153,0.0571155190361154,-0.0424147399802798,0.023651382389938,0.063776997028826,0.0008040401473614,-0.1231482850214472,-0.0322573813038256
2019-10-31,0.0206,0.0027,-0.0192,0.0044,-0.0096,0.0016,3.016,0.394,245.0,257.9,18.01,56.6,19.25,59.12,0.1675,0.0,153.7,165.6,1.31,18.77,3.902,28.6,329918,277619,661946,848141,484369,477739,545034,585015,81.24,150.8,2.374,0.1252,27.84,16.92,40.38,63.19,134.9,210.4,3.191,0.3403,60.28,36.59,80.64,93.86,13.75,11.23,27.15,27.58,16.64,18.65,16.02,17.01,82.14,83.39,75.9,81.33,77.79,76.53,72.57,60.88,13.68,10.99,24.3,26.0,16.75,17.94,16.59,8.461,0.1795,0.1294,0.1849,0.2794,0.1158,0.3263,0.1567,0.06149,0.0167271385523646,0.1106845160379024,0.0243651883385604,0.0719918691322607,-0.0390053572686055,0.0472675990646986,0.0439007417789396,0.0862017422412511,0.0334787973830759,0.0606072715900742,0.0323689327111011,0.0561214512387058,0.0308400256258292,0.0110336082344206,-0.0582413159300236,0.0873391037641626,0.0312160562040273,0.0298054416302646,0.0298674150248996,0.1628012589672396,0.0398232591836906
2019-11-30,0.0387,0.0045,-0.02,-0.016,-0.0125,0.0012,0.0009756,0.0,160.6,259.7,1.468,2.349,0.04685,14.86,0.0,0.0,79.33,170.3,0.01107,0.8281,0.0,3.903,203615,140620,651335,858295,264755,388760,409815,457019,246.0,316.4,4.882,0.09661,138.2,129.3,229.1,185.5,305.8,376.4,6.56,0.2791,193.4,184.5,288.4,231.7,7.805,5.454,23.51,28.5,11.6,11.93,8.387,10.77,86.4,89.11,72.49,80.82,82.03,69.99,67.15,57.98,7.561,5.4,21.64,26.58,11.77,11.42,10.05,1.223,0.2308,0.09849,0.05668,0.2149,0.361,0.1111,0.06565,0.02905,0.0,0.0,0.0,0.0,0.0,0.0,0.0,0.0,0.0,0.0,0.0,0.0,0.0,0.0,0.0,0.0,0.0,0.0,0.0,0.0,0.0
2019-12-31,0.0277,0.0097,0.0177,0.0,0.0123,0.0014,0.0,0.0,73.87,255.4,0.0006191,1.025,0.0,3.519,0.0,0.0,32.88,163.0,0.0,0.1951,0.0,0.555,166251,99880,583970,746633,248925,298328,337560,405839,277.5,368.7,42.76,0.07529,237.0,264.1,423.2,352.4,339.5,430.7,67.53,0.2462,298.8,325.2,485.2,409.8,7.048,4.106,18.28,27.91,8.361,7.541,2.348,4.893,83.91,85.09,71.66,84.08,77.51,72.09,65.06,60.79,7.005,3.921,17.1,26.35,8.768,7.163,4.234,-5.64,0.1784,0.09047,0.03927,0.3879,0.1375,0.1584,0.04917,0.02251,0.0659287485634789,0.1839990842387169,0.0629705163626004,0.1324682429861416,-0.0736589153176972,0.1085449618391265,0.0024209456845891,0.1548969281395646,-0.0107368830148432,0.1189937816737913,-0.0007336726229424,0.087360932340466,0.0640212764835546,-0.0631055798658881,0.0697792547783837,0.1100976598825018,0.1036941336575631,0.0219280059663034,0.0518573847234544,0.1678283344658313,0.0523017708267288
2020-01-31,-0.0011,-0.0438,-0.0623,-0.0116999999999999,-0.0232,0.0013,0.0,0.0,64.38,251.9,0.0,0.5975,0.0,4.057,0.0,0.0,30.34,159.6,0.0,0.09854,0.0,0.5411,191955,122541,645908,755881,319652,333832,354275,424850,301.5,378.4,37.16,0.06923,295.4,303.1,420.3,387.2,363.5,440.4,67.33,0.26,357.4,364.4,482.3,444.7,6.274,3.794,17.99,27.82,6.469,6.264,2.443,3.786,83.4,86.32,70.58,84.04,75.66,71.6,67.95,66.2,6.099,3.628,16.81,26.46,6.974,5.739,3.894,-6.393,0.08083,0.06632,0.05276,0.3552,0.02831,0.1611,0.1201,0.04375,0.0127106622028032,0.0540100178466664,-0.1071917472547643,-0.0678592247251838,0.1161279966430686,0.045249958792326,-0.1086705330121761,-0.0124187228132333,0.0394662881476224,-0.0809302535788062,-0.0847282767170567,-0.0026394342577524,0.0697258068227828,0.0445094711814375,-0.0245185379488095,0.0290099476803555,0.0794544915209676,0.0419561698784811,0.0023321919975305,-0.0732362005725386,0.0589146262599973
2020-02-29,-0.0813,0.0004,-0.0379,-0.0147,-0.0250999999999999,0.0012,0.0,0.0,99.75,231.4,3.826e-06,0.5639,0.0,4.886,0.0,0.0,48.59,145.0,0.0,0.08994,0.0,0.6817,306107,216964,791306,765453,479410,480087,514894,575878,221.9,299.9,13.58,0.06271,205.0,279.6,367.4,278.1,279.9,357.9,26.43,0.2383,262.9,337.0,425.4,330.6,8.349,5.657,20.67,27.45,8.933,6.4,3.331,6.768,77.32,78.21,60.98,83.88,68.67,69.68,67.6,57.47,8.113,5.37,19.38,26.43,8.971,5.563,4.394,-2.737,0.1286,0.1976,0.0316,0.3917,0.03249,0.14,0.08776,0.04345,0.0,0.0,0.0,0.0,0.0,0.0,0.0,0.0,0.0,0.0,0.0,0.0,0.0,0.0,0.0,0.0,0.0,0.0,0.0,0.0,0.0
2020-03-31,-0.1339,-0.083,-0.1394999999999999,-0.0152,0.0126,0.0013,0.0,0.0,207.6,256.2,0.0,0.9333,0.0,16.55,0.0,0.0,123.2,163.8,0.0,0.1392,0.0,4.352,525831,466522,893783,758409,607480,630430,738246,737349,238.1,317.9,5.375,0.06641,204.2,205.1,255.2,165.3,300.1,379.9,7.475,0.2586,266.2,265.7,317.2,213.2,8.32,5.746,24.97,28.14,9.412,9.46,7.769,11.66,72.72,68.88,60.18,84.34,72.61,70.01,62.37,52.25,8.114,5.383,23.05,26.5,9.234,8.742,8.022,3.13,0.1093,0.08195,0.05712,0.4341,0.1311,0.2011,0.0597,0.06091,-0.1639491231019219,-0.1764612228531547,-0.4177941330223417,-0.3492092139884131,-0.1023140780623808,-0.1191416761019051,-0.2650733875589446,0.0119760479041917,-0.0647709148113352,-0.1251843116099821,-0.1238390477489059,-0.1704448590961934,-0.1890241363376072,-0.1759789258811199,-0.401791489920777,-0.3494068417515726,-0.0710167601524611,-0.1274788162557867,-0.1969644000202706,-0.0807111542024044,-0.1890569466141363
2020-04-30,0.1365,0.0258,-0.0126,0.0271,-0.0101,0.0,0.002972,0.0,325.5,252.9,0.1441,1.013,0.7551,30.79,0.0,0.0,237.2,163.6,0.0,0.08829,0.0,10.97,784325,805757,992373,727040,855698,800551,912108,902197,84.55,149.9,2.839,0.06217,85.78,133.6,150.6,77.23,141.1,209.6,3.671,0.2443,141.8,190.9,208.7,114.8,13.3,11.01,30.09,28.56,13.28,11.67,11.07,15.21,65.47,55.85,53.33,84.45,67.52,66.96,59.41,48.35,12.94,10.46,27.21,26.55,12.7,10.73,10.67,8.418,0.08575,0.02764,0.06248,0.4605,0.07924,0.1811,0.06178,0.06263,0.1026740835064674,0.1553736165085635,0.4124695507915226,0.1328310221862803,0.0143827699245704,0.1035537487697362,0.1005337060325868,0.0889940431132119,0.0651009913587445,0.0460991326489759,0.0499416783174724,0.0747844334545968,0.1589999442544345,0.1773871743537882,0.078036527061426,0.169909513836062,0.1363258316076216,0.1102402034513254,0.0584816307760343,0.172788352326672,0.1092354142444458
2020-05-31,0.0558,0.0197,-0.0489,0.0096,-0.0325,0.0001,14.85,1.127,393.0,265.0,26.16,43.93,22.72,143.3,1.225,0.001952,301.2,172.7,2.455,4.435,1.192,76.16,916421,817075,994412,686144,946223,803974,834409,952999,50.76,116.1,1.515,0.0575,12.58,15.41,10.4,12.73,88.62,172.8,2.125,0.2356,34.13,31.24,36.06,22.49,15.62,12.46,33.37,28.85,17.74,18.41,17.57,22.37,67.27,64.41,56.25,84.39,68.66,76.53,76.3,54.67,15.47,12.01,29.35,26.76,17.1,16.84,16.67,14.27,0.1041,0.06675,0.09684,0.3836,0.0901,0.1846,0.1354,0.1127,0.0,0.0,0.0,0.0,0.0,0.0,0.0,0.0,0.0,0.0,0.0,0.0,0.0,0.0,0.0,0.0,0.0,0.0,0.0,0.0,0.0
2020-06-30,0.0246,0.0197,-0.0217,0.0009,0.0053,0.0001,36.01,25.79,341.6,237.8,82.6,139.8,141.6,217.5,11.4,3.864,252.5,148.6,28.44,61.84,58.31,135.6,875204,802205,751926,654785,1000229,749122,833603,904104,19.61,22.68,0.631,0.1079,5.411,1.43,0.001131,2.569,48.27,48.45,1.007,0.3319,13.62,4.048,0.1029,4.81,17.59,17.24,34.06,27.35,20.31,22.59,22.73,26.53,71.53,70.49,72.82,84.18,70.5,82.36,79.39,61.59,17.1,16.99,27.95,26.04,19.69,20.96,21.66,18.17,0.1273,0.1401,0.2984,0.3525,0.1249,0.3581,0.272,0.1846,0.0770680119127211,0.2450223575063199,0.120344999998903,-0.0055870928251293,0.0617178592817408,0.0329963721778383,0.0754912118886332,0.34036080023248,0.0006929276874965,0.0555646774342963,0.0888975263509146,0.0476647166662913,0.0529813217780323,0.1463668734742111,0.0232174834551668,0.2249553906273182,0.138757950779724,0.0524104485106535,0.0235960185782586,0.0128229018657846,0.0826624428571565
2020-07-31,0.0576999999999999,-0.032,-0.0137,0.004,0.0096,0.0001,85.8,35.61,331.0,229.0,182.5,181.3,160.1,244.3,33.12,6.106,238.6,137.2,95.65,94.8,71.1,155.6,960161,777386,659421,667822,1046812,615236,588015,859999,1.158,8.912,0.2683,0.1428,1.219,0.1041,0.0005857,1.345,9.863,31.29,0.4728,0.4051,2.784,0.8029,0.03979,2.384,20.46,18.14,34.07,26.26,23.96,24.16,23.2,27.79,61.65,65.82,79.7,83.76,66.39,87.25,87.1,66.32,20.25,17.79,27.37,25.6,23.21,22.74,22.33,20.08,0.03099,0.08822,0.3852,0.3395,0.05378,0.5265,0.466,0.1926,0.0625811184470401,0.1651315273344427,-0.0021817013981022,0.0475788387128517,0.0595767736161099,0.1253776719915098,0.0438286047958023,-0.0286200655432681,0.0759216243008209,-0.0236792382161529,0.1219216760592412,0.0645862247960415,0.0492930845470709,0.0597979039370688,0.0977950829322154,0.0190585532493197,0.0073707789624424,0.129540478939393,0.2572490586582194,0.0265467932919372,-0.0143398190664667
2020-08-31,0.0762999999999999,-0.0089,-0.0296,0.0426,-0.012,0.0001,114.6,94.0,314.4,242.4,202.8,306.7,263.5,263.8,54.14,41.07,221.9,150.3,116.6,214.9,170.5,176.9,810928,697954,565791,772308,900311,799988,636206,800697,3.882,4.537,0.2062,0.1452,1.41,0.1421,0.0,1.872,12.94,18.68,0.3823,0.4061,3.131,0.3873,0.0,3.584,21.31,20.43,33.1,27.02,24.74,31.42,28.4,29.44,65.13,66.96,82.95,81.32,68.39,80.99,86.67,67.07,20.89,20.09,26.7,25.98,24.02,25.96,26.21,19.6,0.0787,0.1217,0.4504,0.226,0.1022,0.1679,0.3792,0.1927,0.0600106213489111,0.2165693772454635,0.107652768444785,0.0345660517548158,0.0935824773102618,0.0642775718514678,0.1493986304077159,-0.348718801691521,0.0679816998715865,-0.0130282490170381,0.1914242300113171,0.1041770297304043,0.0951510799083907,0.0736377843048075,-0.0366446845217403,0.0691489982772264,0.102751952827286,-0.033769582980366,0.0582819525305216,0.0322674899445774,0.1150760991611161
2020-09-30,-0.0363,0.0001,-0.0268,-0.0139,-0.0189,0.0001,44.14,10.87,308.4,238.9,101.1,170.6,85.53,133.3,11.67,1.353,219.2,149.8,40.26,91.96,22.73,67.71,613643,519427,683495,753747,693924,573673,594779,670451,27.96,50.26,0.5602,0.1048,11.66,1.151,0.09422,9.114,52.48,92.1,0.9412,0.3282,22.35,3.68,1.713,17.58,17.72,15.29,32.94,27.16,20.63,24.44,20.82,22.44,68.79,72.36,79.13,82.89,71.37,79.87,78.25,65.5,17.41,15.04,26.8,25.92,20.44,22.52,20.82,15.22,0.08777,0.07189,0.2704,0.3583,0.1163,0.2872,0.3248,0.1429,-0.0124749498997994,-0.1025264060474404,0.0645610471582853,-0.0575831537159421,0.0342166686797993,0.1564700668969332,-0.1045669358354026,-0.0249903495930794,0.0211123822974439,-0.0598841142444231,0.0587055156577596,-0.0006856740775161,-0.1005995905345,-0.0205781550090964,-0.0887514964494924,-0.0748181446412528,-0.0673968838468087,-0.0065647595715764,0.0286115601367942,0.0016147612831722,-0.0567006723671356
2020-10-31,-0.021,0.0464,0.0421999999999999,-0.0075,-0.0076,0.0001,0.2796,0.0001245,270.9,248.1,8.451,30.24,5.955,37.93,0.0006561,0.0,179.4,156.0,1.637,5.909,0.173,15.05,323248,240370,712727,774858,471037,490593,593000,572661,127.0,172.2,1.929,0.1104,72.98,36.78,73.41,72.3,187.1,234.1,2.656,0.3422,120.8,69.32,122.6,109.3,11.97,10.45,28.81,27.39,14.38,16.74,14.24,15.74,81.9,84.19,69.21,82.6,76.33,72.82,65.14,56.83,11.64,10.34,25.22,26.21,14.51,16.68,15.0,8.124,0.1822,0.1218,0.1328,0.3485,0.1582,0.1934,0.02346,0.05528,0.0,0.0,0.0,0.0,0.0,0.0,0.0,0.0,0.0,0.0,0.0,0.0,0.0,0.0,0.0,0.0,0.0,0.0,0.0,0.0,0.0
2020-11-30,0.1247,0.0712,0.0213,-0.022,0.0137,0.0001,0.004001,0.02746,132.8,243.2,0.1326,5.787,0.9971,19.43,0.0,0.0,63.51,154.0,0.0001485,1.159,0.003072,6.583,256865,158884,675398,738071,324590,380947,412223,453706,198.3,284.6,5.602,0.08962,147.6,113.3,229.4,185.0,257.8,343.8,10.61,0.2994,205.0,165.0,286.7,231.1,9.408,6.541,22.36,27.64,11.17,12.69,8.475,10.95,82.23,86.4,65.15,83.84,79.48,71.65,64.81,57.78,9.328,6.37,20.83,26.28,11.65,12.29,9.738,1.338,0.04982,0.03866,0.05077,0.4161,0.07775,0.1277,0.05916,0.03299,0.1099893460504286,0.0297504556466778,0.2947207302915007,0.1689498156062914,0.1568778379167892,0.218302708761229,0.1857564754856449,0.0344373692709094,0.1056982010341749,0.1706365615895992,0.1804358520938613,0.1952429835016149,0.1970524383453709,-0.0010799349895908,0.2076959653606658,0.2882790647274413,0.0204462104662919,-0.0056649752997661,0.2061031713510712,0.07880832340121,0.0534927547324119
2020-12-31,0.0463,0.0479,-0.015,-0.0199,-0.0011,0.0001,0.0,0.0,72.78,234.5,0.001522,0.9608,0.0,1.936,0.0,0.0,28.85,142.3,0.0,0.1954,0.0,0.1028,138972,85574,636363,694572,219491,317327,373173,400447,301.5,388.2,28.52,0.09333,266.5,308.3,484.3,408.2,363.5,450.2,48.63,0.31,328.4,369.6,546.3,466.7,6.275,3.477,18.83,26.51,7.406,6.108,0.3768,3.007,86.88,88.96,66.59,84.53,82.43,70.02,60.46,60.37,6.011,3.202,17.67,26.1,7.899,5.807,2.29,-6.503,0.2015,0.108,0.03788,0.4122,0.2305,0.1325,0.02519,0.01535,0.0486768133826958,0.1145737201471597,0.0976410837057082,0.083058068802384,-0.0294762003814134,0.0180088258999777,0.0980157623531765,0.1142313321698911,-0.0130705798641233,0.0075232816802304,0.0313541124207887,-0.0080093639542396,-0.0010031627371052,-0.0372796723112064,0.108144976630454,0.108361584974763,0.0390058797384349,0.0019218739655453,-0.003726981983652,0.046386654315113,0.0398383040001508
2021-01-31,-0.0003,0.0692,0.0297,-0.0381,0.049,0.0001,0.0,0.0,75.93,224.9,0.0003652,0.3825,0.0,0.9869,0.0,0.0,34.46,132.8,0.0,0.0241,0.0,0.007298,172112,109978,667864,665691,267371,352410,404564,465940,368.9,463.1,36.51,0.09251,326.6,374.1,529.5,422.1,430.9,525.1,62.48,0.3157,388.6,435.6,591.5,481.5,4.101,1.063,18.48,25.81,5.464,3.961,-1.081,2.498,84.47,87.4,67.53,84.98,77.45,70.67,63.99,53.68,3.796,0.7588,17.58,25.85,5.971,3.425,0.801,-6.974,0.1627,0.1364,0.03536,0.4458,0.1697,0.1428,0.05765,0.0164,0.0,0.0,0.0,0.0,0.0,0.0,0.0,0.0,0.0,0.0,0.0,0.0,0.0,0.0,0.0,0.0,0.0,0.0,0.0,0.0,0.0
2021-02-28,0.0278,0.0453,0.0717,0.0031,-0.0194,0.0,0.0,0.0,109.5,209.5,0.0,0.5582,0.0,5.034,0.0,0.0,50.67,126.3,0.0,0.03419,0.0,0.3477,333133,261877,833689,772499,447675,519535,554468,583196,249.1,380.5,7.525,0.1092,215.4,266.1,359.0,235.0,305.1,436.5,14.6,0.3387,271.4,321.5,415.0,283.3,7.104,2.41,21.47,26.27,8.308,6.538,3.179,8.061,78.19,80.2,56.45,83.58,76.3,68.06,61.63,52.91,7.161,1.816,20.2,26.08,8.431,5.595,4.198,-1.239,0.1032,0.09056,0.01444,0.3245,0.08546,0.1616,0.03487,0.03963,0.0,0.0,0.0,0.0,0.0,0.0,0.0,0.0,0.0,0.0,0.0,0.0,0.0,0.0,0.0,0.0,0.0,0.0,0.0,0.0,0.0
2021-03-31,0.0308,-0.0086,0.0739,0.0647,0.0341,0.0,0.03657,0.0,264.4,239.4,0.0,1.068,0.0,19.26,0.0,0.0,173.9,147.3,0.0,0.1909,0.0,6.695,569974,454311,959416,759951,673898,630487,675547,717504,251.3,334.5,4.117,0.13,215.1,167.3,226.3,164.5,313.1,396.4,5.124,0.3864,276.9,226.9,288.3,212.5,7.902,5.212,26.86,26.84,9.067,10.71,8.7,11.77,70.39,73.26,49.73,84.19,68.49,71.31,70.16,53.26,7.669,4.852,24.85,25.97,8.759,9.532,8.721,4.104,0.05852,0.07987,0.02533,0.4474,0.06487,0.1823,0.1256,0.05409,0.042494769874477,-0.0780576664439322,0.0584081740923807,0.2828164369886612,-0.088993160723214,-0.0056838424477683,0.046051923412933,-0.1388983916759992,-0.0626466328336068,0.108831651334168,0.3940058712924912,0.1572385152263709,0.1768075017965189,0.156399524338012,0.3728776727287028,0.1390530007057182,0.0624629691231088,0.0702199656169564,0.1448232810409127,0.0647652411147501,-0.0305001165981898
2021-04-30,0.0493,-0.0315,-0.0095,0.0249,-0.0269,0.0,0.09287,0.0,342.8,241.8,0.4137,2.263,2.874,33.96,1.07e-05,0.0,254.3,152.5,0.003021,0.2702,0.0429,13.42,809660,682017,1021957,784524,793953,784030,834351,835740,202.1,288.4,3.064,0.1229,140.6,87.34,86.6,67.05,261.3,348.4,3.85,0.3673,198.1,138.2,138.4,104.3,9.292,6.387,30.52,27.55,11.41,13.47,13.48,15.69,62.48,67.43,47.43,82.75,70.36,67.67,63.92,53.66,9.197,6.132,27.52,26.28,10.97,12.28,12.78,8.051,0.06167,0.07009,0.04919,0.3125,0.1049,0.189,0.09826,0.07584,0.0335716376102679,0.0762178748744628,0.043437315143469,0.0475574547356676,0.105027264233273,-0.0776993774168391,0.0584761121342551,0.0319162490336959,0.0578954882547957,0.0222161481487783,-0.008793336723106,0.0336272084750814,0.1410798797448917,0.0603440619485784,-0.0124268011081538,0.0674829520231852,0.0696017303826941,0.0993396465901348,0.0499515121987477,0.0718411801722038,0.1031029954830144
2021-05-31,0.0029,0.0123,0.0709,0.0253,0.0301,0.0,2.529,1.907,356.9,259.1,9.291,40.44,19.74,127.2,0.08788,0.02554,265.2,166.8,0.271,5.711,2.176,65.05,814115,749554,919707,694908,949481,733470,828821,933953,112.2,162.0,1.745,0.08578,30.45,17.46,25.21,13.87,167.7,220.4,2.4,0.3042,67.46,36.18,58.03,24.75,12.67,10.95,32.05,28.3,16.12,18.14,16.76,21.89,71.78,73.06,61.37,83.9,69.5,78.38,74.15,56.25,12.36,10.76,28.08,26.44,15.65,16.59,16.26,14.0,0.1507,0.165,0.1567,0.3645,0.09229,0.2829,0.1845,0.1314,0.0,0.0,0.0,0.0,0.0,0.0,0.0,0.0,0.0,0.0,0.0,0.0,0.0,0.0,0.0,0.0,0.0,0.0,0.0,0.0,0.0
2021-06-30,0.0275,-0.0034,-0.0783,-0.0218,-0.0095,0.0,55.87,56.16,336.8,235.7,144.9,118.9,120.5,215.9,16.8,18.02,247.6,146.6,69.04,42.07,39.62,134.2,881377,872100,770625,695366,1056302,810691,841801,913063,6.862,4.011,0.645,0.1507,1.877,1.236,0.004174,2.726,24.08,18.73,1.021,0.422,4.318,3.768,0.4809,5.181,19.06,19.25,33.31,27.17,22.76,21.87,22.0,26.35,73.67,69.33,72.07,83.4,66.54,80.98,80.62,61.86,18.63,18.99,27.71,26.02,21.87,20.56,21.14,18.31,0.1576,0.1494,0.2504,0.2948,0.05106,0.2512,0.1476,0.1626,0.0228945878165196,0.0436072723582068,0.0934047014970878,0.0215533569189461,-0.1331984694930232,-0.0108935914853534,-0.1127254514969907,0.070841945613147,0.0633718030120056,0.0921465987107295,-0.0464619902352096,0.0422437777878614,0.0375143170682275,-0.009601829909595,-0.0554640841201176,0.110720754774569,0.0767132049893077,0.0308924056725348,0.0626980615933026,0.0077897623970781,0.0025674488695042
2021-07-31,0.0127,-0.0463,-0.0178,0.055,-0.0052,0.0,57.82,30.26,332.8,236.5,196.2,234.8,272.6,280.4,19.42,2.687,240.4,144.6,109.8,144.4,179.6,190.3,839832,734460,636081,693316,1015525,788623,777335,883325,2.444,3.131,0.2708,0.16,1.43,0.07224,0.0,1.161,14.72,16.57,0.489,0.4414,3.041,0.3687,0.0,1.923,19.39,18.44,33.65,26.69,24.41,26.75,28.82,29.95,74.07,75.44,78.8,82.2,66.0,83.81,82.85,66.1,19.06,18.47,27.28,25.92,23.81,24.48,25.77,21.08,0.1348,0.1654,0.3877,0.2852,0.09095,0.2492,0.2489,0.1909,0.0,0.0,0.0,0.0,0.0,0.0,0.0,0.0,0.0,0.0,0.0,0.0,0.0,0.0,0.0,0.0,0.0,0.0,0.0,0.0,0.0
2021-08-31,0.0291,-0.0068,-0.0015,-0.003,-0.0179,0.0,45.82,13.89,314.0,235.0,193.5,251.7,228.4,236.2,15.71,2.459,221.7,143.1,110.1,162.2,135.9,150.4,755587,608607,649472,714907,917996,659924,638662,782971,4.145,18.02,0.2893,0.153,2.356,0.1945,0.0,1.934,24.66,55.64,0.5278,0.4282,4.697,0.8536,0.0007403,3.706,18.7,16.65,32.65,26.56,24.42,28.13,26.18,27.77,72.46,77.96,79.56,83.33,64.88,83.25,82.65,67.78,18.49,16.51,26.77,25.74,23.85,24.67,25.1,19.02,0.06247,0.1541,0.2879,0.3535,0.06189,0.4549,0.3761,0.186,0.0531477380575766,0.1102328020030354,-0.0326701794306715,0.0126123554522492,0.1868797432107836,0.0584418123899821,0.0509941682026175,0.0092281474177462,0.1533445020450388,0.0416252221949233,0.0717870431336278,0.1413830768514989,0.1851755802134851,0.022860465313421,0.0904138047886058,0.1473061324175058,0.1164929502334284,0.1265788880396567,0.077984129121827,0.0395316538115069,-0.0188507418901417
2021-09-30,-0.0437,0.0113,0.0509,-0.019,0.0210999999999999,0.0,36.94,5.034,290.4,233.3,97.35,137.6,122.0,180.3,7.547,0.007536,201.2,144.2,31.93,61.13,37.33,107.5,598967,491041,618112,739221,694503,602789,575204,730034,15.84,38.83,0.3979,0.1227,4.021,1.021,7.056e-05,6.556,39.77,79.99,0.7078,0.3624,9.234,3.642,0.07143,12.47,17.91,15.5,31.7,26.94,20.94,22.57,22.07,24.85,76.04,78.56,82.28,83.4,70.68,79.42,79.28,64.68,17.62,15.33,26.19,25.86,20.73,21.94,22.09,16.1,0.1074,0.06453,0.3323,0.3978,0.07929,0.2455,0.2251,0.1297,-0.0503905076599578,-0.0680366286113045,-0.0211577710036691,0.0219768887925804,-0.0624220008255165,-0.0890919225930563,0.0322655849896935,-0.0821754927464579,-0.013479935105632,-0.0177103976288093,-0.1110044473209684,-0.1131504340652395,-0.0761692500022408,0.0114936028619492,0.045075837994613,-0.0681797106113076,-0.0661190521916842,-0.0641193466077448,-0.1276256441504192,-0.0580355464937127,-0.0277173213118516
2021-10-31,0.0665,-0.027,-0.0049,0.0169,-0.0144999999999999,0.0,0.9713,0.07988,263.5,254.1,9.813,61.01,38.89,59.84,0.01044,0.0,172.1,161.9,1.06,23.01,10.36,32.62,407003,288080,720047,818079,460368,516176,533331,555107,122.3,188.6,2.187,0.1043,72.27,38.48,76.75,78.71,180.1,249.8,2.913,0.3356,117.9,68.79,110.7,115.0,12.22,9.944,28.68,27.85,14.51,17.77,15.68,16.44,78.71,81.09,72.63,82.25,73.96,74.26,72.3,61.85,12.08,9.84,24.88,26.46,14.71,17.33,16.5,8.207,0.113,0.08332,0.1427,0.3086,0.1416,0.1602,0.07219,0.08488,0.0,0.0,0.0,0.0,0.0,0.0,0.0,0.0,0.0,0.0,0.0,0.0,0.0,0.0,0.0,0.0,0.0,0.0,0.0,0.0,0.0
2021-11-30,-0.0155,-0.0177,-0.0045,0.0722,0.0172,0.0,7.338e-05,0.0,133.0,233.5,1.627,2.063,0.1085,11.11,0.0,0.0,60.41,144.3,0.01785,0.5682,0.0,3.461,219187,125994,623242,713568,281100,390807,427841,462467,275.0,329.8,4.887,0.08151,149.3,122.2,223.6,202.7,335.0,389.8,7.484,0.2917,204.0,177.9,282.9,252.7,6.833,5.006,22.39,27.04,11.26,12.14,8.572,9.948,85.28,88.75,69.15,84.03,81.58,71.11,68.05,59.11,6.611,5.096,20.84,26.22,11.54,12.03,9.938,-0.1421,0.09797,0.07876,0.09732,0.4511,0.2294,0.1994,0.0771,0.04119,0.0704626334519573,0.1699029041719637,0.0763912518598473,0.0475852717900264,0.0408754020416723,-0.0081180908086913,-0.1145892597753125,0.1164445580720898,0.2022979890640615,0.0555911433155511,0.0312471445614879,0.0901363203037459,0.061503277747275,0.2204043952501748,-0.0537651120608102,-0.0188461817295081,0.1747830133882986,0.2018653864979884,0.0810888711026793,0.1368684637076889,-0.1285695996594898
2021-12-31,0.031,-0.0077,0.0326,0.0492,0.044,0.0001,0.0,0.0,71.93,241.8,0.0,0.6817,0.0,2.152,0.0,0.0,28.39,149.6,0.0,0.1019,0.0,0.1883,164059,80179,610550,694534,250536,322675,366826,407334,303.6,399.2,22.42,0.08863,287.6,297.6,442.6,347.1,365.6,461.2,43.26,0.308,349.6,358.9,504.6,405.5,6.206,3.123,19.01,27.03,6.724,6.443,1.722,4.988,86.51,89.6,69.76,84.56,77.69,70.8,63.62,59.14,5.952,2.677,17.59,26.2,7.318,6.332,3.706,-5.244,0.1526,0.1085,0.03816,0.4379,0.1169,0.1477,0.01955,0.01902,0.0405215721040188,0.0742286876412881,0.0286871884604544,0.0052651422107721,0.0301765296256986,-0.0140494657467249,0.1414848200374066,0.0238729578947434,0.0525047088887706,0.1583204378877012,-0.0046459525014246,0.0663951993058975,0.0208213545074706,0.0402298246837611,0.0444781890425396,0.0352246854584945,0.017332752816173,0.1212565026811183,0.0858550413968501,0.1340727131981163,0.1183877743535342
2022-01-31,-0.0625,-0.0404,0.1275,0.0087,0.0774,0.0,0.0,0.0,56.75,237.7,0.0,0.3781,0.0,1.396,0.0,0.0,24.45,145.6,0.0,0.01704,0.0,0.1044,217466,112939,643704,727300,324822,367154,429181,425506,366.0,403.0,40.69,0.1335,313.8,386.9,525.1,402.6,428.0,465.0,71.11,0.4044,375.8,448.3,587.1,461.6,4.194,3.0,17.61,26.71,5.879,3.551,-0.9402,3.155,82.67,86.72,71.88,84.06,72.56,69.32,57.91,63.33,3.947,2.893,16.48,26.0,6.244,3.563,0.9469,-6.75,0.07302,0.09363,0.05437,0.365,0.04756,0.1257,0.01595,0.03514,-0.07980403990202,-0.0157121799128305,-0.1719914861598294,0.037086839651454,0.0086216258403726,-0.0625873263561929,0.0237159016880212,0.0031691995940315,-0.1102166095433706,0.0379923711578229,0.0977279355776739,-0.0832659860602026,-0.065919057800462,-0.1157322572667561,0.0409907491522092,0.0519006374444086,-0.0753450272616229,-0.0685434889708958,-0.1431964599642134,-0.0588878855645207,0.0436528646388296
2022-02-28,-0.0229,0.0294,0.0308,-0.0208,0.0312,0.0,0.0,0.0,89.05,210.7,0.0,0.2913,0.0,0.6885,0.0,0.0,41.87,127.6,0.0,0.005636,0.0,0.06042,322079,231801,814557,727182,467811,490972,580615,562431,245.8,311.9,13.57,0.1218,226.0,346.2,451.5,359.8,301.8,367.9,26.9,0.3664,282.0,401.7,507.5,414.3,7.222,4.862,20.32,26.38,7.927,3.664,-0.1242,3.227,77.33,78.02,60.13,83.75,70.29,67.91,54.53,58.97,6.939,4.559,19.14,25.93,7.924,3.442,1.11,-5.935,0.07336,0.1503,0.03619,0.4374,0.06119,0.1229,0.01611,0.04839,-0.0296670653138381,-0.0540658741483213,-0.0522770485717257,-0.0420458802004405,-0.0737595474605273,0.0807054707551058,-0.1155801591760411,-0.118582814312686,0.029511096369877,-0.0268519397493719,-0.043517501653887,-0.0261314161906404,-0.0018217598466265,-0.13938084215071,-0.0279643209507718,-0.1150772137554054,-0.037211932190787,-0.0699527848665677,-0.1107453726935514,0.006982951545132,-0.0428809909114685
2022-03-31,0.0305,-0.0216,-0.018,-0.0156,0.0314,0.0001,0.0,0.0,273.5,246.8,0.0,0.9886,0.0,22.49,0.0,0.0,183.8,154.6,0.0,0.155,0.0,7.011,555242,530013,952571,779969,659046,625328,643736,734885,216.2,318.9,3.507,0.1102,234.4,208.0,262.2,156.0,278.2,380.9,4.473,0.3554,296.4,268.3,324.0,201.8,9.026,5.712,27.48,27.43,8.437,9.377,7.549,12.22,68.24,61.54,50.77,83.77,65.02,70.98,67.73,51.42,8.764,5.224,25.26,26.26,8.139,8.42,7.718,4.498,0.07728,0.02472,0.01821,0.3837,0.05915,0.168,0.114,0.06602,0.0134382951653944,0.0574734667974941,-0.0751699874336613,-0.0628611229949043,0.0028972918942091,0.1433743585487641,0.081114029771838,-0.0130568898694203,0.1090034727388051,-0.0235408969504348,0.1569333407018209,-0.0110255485933378,0.0296948536090897,-0.0465238468538823,0.0335348222476998,-0.0368083058195596,0.0318616606196149,0.1128524082646453,-0.0036900331633071,0.0748295586133056,0.0261428252932489
2022-04-30,-0.0946,-0.0040999999999999,0.0617,0.0363,0.0588999999999999,0.0001,0.2162,0.0,379.1,242.4,0.08276,12.15,4.914,52.02,0.002258,0.0,290.3,153.2,0.0,1.089,0.1388,21.01,724906,643697,1008771,776743,852925,784159,868009,893539,155.6,233.8,1.677,0.09851,113.0,80.24,86.68,58.85,214.5,293.8,2.28,0.3304,170.9,122.3,135.1,89.62,10.86,8.208,32.41,27.71,12.31,14.33,13.66,16.82,70.22,68.55,49.24,83.09,68.96,71.46,65.23,48.21,10.52,7.798,28.95,26.42,11.77,13.08,13.07,9.547,0.1033,0.09955,0.0619,0.3323,0.08309,0.1866,0.08171,0.08066,0.0,0.0,0.0,0.0,0.0,0.0,0.0,0.0,0.0,0.0,0.0,0.0,0.0,0.0,0.0,0.0,0.0,0.0,0.0,0.0,0.0
2022-05-31,-0.0034,-0.0005,0.0839,0.0144,0.0397,0.0003,26.84,10.06,402.9,256.8,60.8,39.68,35.39,100.9,5.723,1.169,311.0,164.6,17.95,5.872,4.762,45.29,909865,822190,965114,703228,967321,811585,998983,913729,34.86,60.57,1.089,0.1091,14.74,21.53,12.29,19.26,70.92,106.6,1.613,0.3528,34.49,42.69,31.53,33.84,16.58,14.89,34.05,28.23,18.85,17.9,18.12,20.28,66.99,65.91,57.2,83.46,71.24,73.95,63.69,54.88,16.35,14.46,29.58,26.55,17.98,16.74,17.28,14.27,0.06021,0.07932,0.1195,0.3443,0.0786,0.2081,0.01228,0.1265,-0.1025107885445272,-0.1463336023306497,-0.112521939050372,-0.097525342048413,-0.2101908666318743,-0.1260602989484861,-0.044663456645429,-0.0255512485044259,-0.1890622605368074,-0.0391108675619722,-0.1388339926812088,-0.081431759433784,-0.1819656135093452,0.0114254817595691,0.0151238427598405,-0.0059525581091561,-0.1161387220398552,-0.2105522680068539,-0.0958742514787456,-0.0258642354450301,-0.0414608100248355
2022-06-30,-0.0843,0.0131,-0.0598,0.0186,-0.047,0.0006,73.5,47.97,380.1,223.7,184.9,135.1,138.7,229.3,31.28,13.76,290.9,134.7,100.9,68.29,64.22,147.1,946681,908309,835828,675424,1064701,790859,803239,909167,4.606,9.833,0.6702,0.1593,1.28,5.146,0.1692,2.336,20.18,28.93,1.026,0.4439,2.753,11.66,1.573,4.42,19.79,18.63,34.68,26.32,24.18,22.63,22.76,26.93,67.31,64.58,65.45,83.96,63.96,82.14,80.16,61.3,19.58,18.34,29.0,25.86,23.36,20.37,21.56,18.96,0.1456,0.1062,0.2251,0.3659,0.06321,0.269,0.2003,0.1889,-0.0752721073567338,-0.0814297503442623,-0.1616151968579877,-0.1583522399492072,-0.0299055587025229,-0.0219224055478364,-0.2204398614001751,0.1030215064038477,0.0280124739115119,-0.042273858642454,-0.1599066755427339,-0.0909812854637643,-0.042184592019335,-0.0883495822649236,-0.0976416028324312,-0.1170188155950827,-0.0553206583058877,-0.0704743484315101,-0.0546765461302405,0.0376054908796612,-0.0720177546767107
2022-07-31,0.0957,0.0186,-0.0409999999999999,0.0068,-0.0692,0.0008,133.5,68.73,326.0,234.1,252.1,254.2,257.5,294.0,64.01,25.28,233.6,142.2,161.8,162.8,164.5,204.0,1056558,842199,611815,664991,1073694,762380,755041,928459,0.5799,3.345,0.1951,0.1613,0.5053,0.02134,0.0,1.173,4.272,19.23,0.3686,0.4558,1.235,0.1653,0.0,2.002,22.2,19.6,33.61,26.61,26.64,27.95,27.67,30.84,57.1,59.99,82.33,83.1,61.41,84.37,83.53,62.29,21.89,19.19,26.83,25.79,25.31,24.61,25.57,21.13,0.0244,0.06868,0.4637,0.3379,0.04367,0.2883,0.249,0.1521,0.0,0.0,0.0,0.0,0.0,0.0,0.0,0.0,0.0,0.0,0.0,0.0,0.0,0.0,0.0,0.0,0.0,0.0,0.0,0.0,0.0
2022-08-31,-0.0377,0.0149,0.003,-0.0478,0.013,0.0019,137.8,90.4,314.8,233.5,209.6,272.0,231.1,288.7,61.7,30.06,222.5,141.5,121.0,180.8,141.2,204.1,849230,742259,643858,727082,892159,704501,628294,828963,0.2877,0.5395,0.2156,0.1737,0.9637,0.008927,0.0,1.972,1.575,6.126,0.412,0.477,2.177,0.164,0.02075,4.506,22.43,20.72,32.94,26.47,25.0,29.54,27.32,30.51,60.74,62.43,82.15,82.77,66.86,81.69,82.69,66.33,22.05,20.33,26.59,25.74,24.17,25.38,25.49,20.2,0.07263,0.08018,0.3757,0.3394,0.08997,0.2888,0.3051,0.1405,0.0724178681162845,0.1515387505427887,0.0489502708576401,0.0796658693663281,-0.1855875459258115,0.0783383116549336,0.0725104597896413,0.0763846264252867,0.0912226937774132,0.0654071796448096,0.2196546927722029,0.0904448468668097,-0.0068187938410297,0.0584528180561871,-0.0112659063229605,0.1310551910707498,0.0202273753385799,0.0583085454526819,0.1863401085271059,0.0110975200960794,0.0110313470630059
2022-09-30,-0.0935,-0.0097,0.0006,-0.0151,-0.0084,0.0019,35.78,8.641,292.6,231.5,92.21,179.1,110.0,157.5,9.748,0.8835,203.5,142.4,38.14,97.66,45.88,87.55,591226,472340,673791,781118,672136,616742,649027,743480,43.03,90.6,0.5459,0.1532,11.56,0.9111,0.2241,7.919,74.24,136.4,0.9467,0.4278,25.67,2.639,2.63,14.49,16.72,13.74,31.71,26.78,20.27,24.53,21.63,23.27,71.77,76.74,80.36,82.63,70.05,79.5,75.77,60.52,16.55,13.5,26.25,25.94,20.23,22.87,21.55,15.78,0.1405,0.1566,0.283,0.325,0.1359,0.2847,0.2302,0.09445,-0.0936659761096663,-0.1209770511109916,-0.1629027204429964,-0.0955375498711259,-0.1342053707181272,-0.1588282838633917,-0.1239998136221877,-0.0496636822504182,-0.0954414996819505,-0.028323895000924,-0.0828627953532806,-0.0240046437531379,-0.1161522782575935,-0.043270225136237,-0.0368527036296557,-0.0728702830777541,-0.1092668459974713,-0.1788147513845183,-0.0559973317322657,-0.0244647822634912,-0.1059836603585258
2022-10-31,0.0783,0.0186,0.0805,0.0306999999999999,0.0652,0.0023,7.651,0.1096,240.1,232.9,18.49,35.81,12.03,53.55,0.4715,0.0,148.7,140.9,0.8787,11.27,3.072,27.27,392100,305491,709776,742382,518990,503045,565619,591238,33.52,98.32,2.41,0.1151,11.03,39.8,75.72,72.98,73.88,158.2,3.206,0.3639,34.15,71.42,124.7,108.3,15.86,12.9,26.95,26.45,17.49,16.86,14.37,16.41,79.51,83.16,72.7,84.06,76.41,73.3,69.82,59.24,15.84,12.65,24.12,26.07,17.44,16.72,15.01,7.809,0.1041,0.09009,0.166,0.4127,0.06378,0.1433,0.0865,0.06057,0.0662386927341698,0.1095514211439818,0.1644291108667805,0.1933775310376682,0.0221440456760253,-0.0677315457670568,0.1377000048138439,0.0219417327357378,0.063809525600571,-0.0010311100421479,0.1854802047369901,0.1252999733254312,-0.0119184461208816,0.073168118568035,0.1690346181343522,0.0500805545803475,-0.0033061279521245,0.090059095706348,0.1023410447072497,0.099219884208624,0.1661132241663365
2022-11-30,0.046,-0.0266999999999999,0.0138,0.0601,0.0311,0.0029,0.06032,0.0,132.4,229.1,1.201,3.586,0.4792,24.03,0.0,0.0,59.95,140.0,0.007921,1.117,0.0,8.549,222779,159098,700580,719791,303391,380920,432289,443593,186.0,273.4,5.199,0.1069,137.4,90.06,186.0,158.8,245.5,333.4,7.74,0.3437,191.9,143.0,244.4,201.9,9.819,6.886,22.25,26.7,11.64,13.35,9.869,12.07,84.11,86.36,64.94,84.37,78.68,72.94,66.5,61.03,9.659,6.499,20.74,26.1,12.01,13.03,10.94,1.722,0.1556,0.08491,0.03285,0.4437,0.1971,0.1764,0.07607,0.05138,0.0634920634920634,-0.0330274906981405,0.1712967884747636,0.0502218708949384,0.1396163279315898,-0.0196489878372302,0.1123146398446468,0.1656470802086911,0.0752742143283635,0.075818412273497,0.1141427560696577,0.0947639141686829,0.0685641263471621,0.1006992351208639,0.0606330256901994,0.1326518664198306,0.1022230184629906,0.0635665964817282,0.1177096614925157,-0.0133117974058607,0.0498408246349026
2022-12-31,-0.0641,-0.0016,0.0132,0.0009,0.0419,0.0033,0.0,0.0,81.37,232.2,0.03475,0.752,0.0,0.3955,0.0,0.0,35.93,140.3,0.0,0.1559,0.0,0.02371,155592,90384,635870,689998,229763,313231,365040,407466,318.7,426.5,18.22,0.1266,224.0,316.6,542.4,416.6,380.7,488.5,35.76,0.3919,285.2,378.0,604.4,477.4,5.719,2.243,19.56,26.38,8.802,5.832,-1.495,2.612,85.56,88.13,66.79,83.66,84.35,70.95,61.83,54.64,5.768,1.912,18.44,25.98,9.403,5.622,0.8026,-6.478,0.1258,0.1039,0.03062,0.4047,0.1222,0.1639,0.03314,0.01596,0.0,0.0,0.0,0.0,0.0,0.0,0.0,0.0,0.0,0.0,0.0,0.0,0.0,0.0,0.0,0.0,0.0,0.0,0.0,0.0,0.0
